symbol,event_date,upgrade_delta,downgrade_delta,category,stock_ret_1d,bench_ret_1d,abnormal_ret_1d,stock_ret_5d,bench_ret_5d,abnormal_ret_5d,stock_ret_21d,bench_ret_21d,abnormal_ret_21d,stock_ret_63d,bench_ret_63d,abnormal_ret_63d
TLW.L,2021-10-01,2,0,upgrade_small,0.019193,0.001814,0.017379,0.032119,0.012337,0.019782,-0.09342,0.046081,-0.139501,-0.090286,0.050798,-0.141084
MAB.L,2021-10-01,2,-1,upgrade_small,-0.051752,0.001814,-0.053566,-0.062102,0.012337,-0.074439,0.011943,0.046081,-0.034139,0.019108,0.050798,-0.03169
CEY.L,2021-10-01,2,0,upgrade_small,-0.014944,0.001814,-0.016758,0.001093,0.012337,-0.011243,-0.007533,0.046081,-0.053614,-0.060017,0.050798,-0.110815
ITV.L,2021-10-01,2,0,upgrade_small,-0.016051,0.001814,-0.017865,-0.038499,0.012337,-0.050835,-0.015568,0.046081,-0.06165,0.01231,0.050798,-0.038488
BDEV.L,2021-10-01,2,0,upgrade_small,-0.007034,0.001814,-0.008848,-0.028134,0.012337,-0.040471,-0.015582,0.046081,-0.061664,0.143739,0.050798,0.092941
GFTU.L,2022-07-01,5,0,upgrade_large,-0.085431,-0.029334,-0.056097,-0.023019,-0.024821,0.001803,0.023281,0.024821,-0.00154,-0.129647,-0.122979,-0.006669
VCP.L,2022-07-01,2,0,upgrade_small,0.029018,-0.029334,0.058352,0.051339,-0.024821,0.076161,-0.292411,0.024821,-0.317232,-0.011161,-0.122979,0.111818
WPP.L,2022-07-01,17,2,upgrade_large,-0.074819,-0.029334,-0.045485,-0.046157,-0.024821,-0.021336,0.068025,0.024821,0.043204,-0.088917,-0.122979,0.034061
ADM.L,2022-07-01,2,7,upgrade_small,-0.004026,-0.029334,0.025308,0.036707,-0.024821,0.061529,-0.141005,0.024821,-0.165826,-0.098406,-0.122979,0.024572
WG.L,2022-07-01,11,2,upgrade_large,-0.035239,-0.029334,-0.005905,0.006981,-0.024821,0.031803,0.001662,0.024821,-0.023159,-0.153258,-0.122979,-0.030279
CCL.L,2022-07-01,5,1,upgrade_large,-0.013703,-0.029334,0.015632,-0.024361,-0.024821,0.000461,0.0338,0.024821,0.008979,-0.11419,-0.122979,0.008789
COA.L,2022-07-01,4,0,upgrade_medium,-0.032184,-0.029334,-0.00285,0.011141,-0.024821,0.035962,0.13634,0.024821,0.111518,-0.183024,-0.122979,-0.060045
CRST.L,2022-07-01,9,0,upgrade_large,-0.027561,-0.029334,0.001773,-0.03078,-0.024821,-0.005959,0.079317,0.024821,0.054496,-0.23922,-0.122979,-0.116241
CVSG.L,2022-07-01,2,0,upgrade_small,-0.022599,-0.029334,0.006735,-0.00244,-0.024821,0.022381,0.057424,0.024821,0.032603,0.046431,-0.122979,0.16941
GROW.L,2022-07-01,3,0,upgrade_medium,-0.037782,-0.029334,-0.008448,-0.038764,-0.024821,-0.013942,0.167321,0.024821,0.142499,-0.255152,-0.122979,-0.132174
HICL.L,2022-07-01,3,1,upgrade_medium,-0.017354,-0.029334,0.011981,-0.019667,-0.024821,0.005154,-0.009255,0.024821,-0.034077,-0.054591,-0.122979,0.068387
OXB.L,2022-07-01,3,0,upgrade_medium,-0.025751,-0.029334,0.003583,0.085837,-0.024821,0.110658,0.030043,0.024821,0.005222,-0.256438,-0.122979,-0.133459
VCT.L,2022-07-01,5,3,upgrade_large,-0.01659,-0.029334,0.012745,0.03432,-0.024821,0.059141,0.097251,0.024821,0.07243,-0.044621,-0.122979,0.078357
PHNX.L,2022-07-01,5,1,upgrade_large,-0.031366,-0.029334,-0.002032,0.013287,-0.024821,0.038108,0.100221,0.024821,0.075399,-0.065058,-0.122979,0.057921
LIO.L,2022-07-01,4,0,upgrade_medium,-0.035749,-0.029334,-0.006415,-0.015641,-0.024821,0.00918,0.117327,0.024821,0.092505,-0.183229,-0.122979,-0.060251
TLW.L,2022-07-01,11,3,upgrade_large,-0.028493,-0.029334,0.000842,0.003217,-0.024821,0.028038,0.150046,0.024821,0.125225,-0.029871,-0.122979,0.093107
WTB.L,2022-07-01,11,5,upgrade_large,-0.031089,-0.029334,-0.001754,0.000397,-0.024821,0.025218,0.01953,0.024821,-0.005292,-0.082505,-0.122979,0.040473
EZJ.L,2022-07-01,7,8,upgrade_large,-0.083317,-0.029334,-0.053983,-0.047759,-0.024821,-0.022937,0.051213,0.024821,0.026392,-0.213571,-0.122979,-0.090592
CBG.L,2022-07-01,1,2,downgrade_cluster,-0.033305,-0.029334,-0.003971,-0.001962,-0.024821,0.022859,0.091085,0.024821,0.066264,-0.091576,-0.122979,0.031402
CKN.L,2022-07-01,4,1,upgrade_medium,-0.053423,-0.029334,-0.024089,-0.020033,-0.024821,0.004788,0.12521,0.024821,0.100389,-0.113339,-0.122979,0.00964
LAND.L,2022-07-01,7,1,upgrade_large,-0.014682,-0.029334,0.014652,0.033387,-0.024821,0.058208,0.098899,0.024821,0.074078,-0.19341,-0.122979,-0.070432
RTO.L,2022-07-01,10,2,upgrade_large,0.011733,-0.029334,0.041068,0.054294,-0.024821,0.079115,0.131006,0.024821,0.106185,0.005264,-0.122979,0.128243
WKP.L,2022-07-01,6,1,upgrade_large,-0.028852,-0.029334,0.000482,0.014041,-0.024821,0.038863,0.074229,0.024821,0.049407,-0.261734,-0.122979,-0.138756
BNZL.L,2022-07-01,5,3,upgrade_large,0.012509,-0.029334,0.041843,0.056657,-0.024821,0.081478,0.134288,0.024821,0.109467,0.015451,-0.122979,0.13843
SMIN.L,2022-07-01,8,1,upgrade_large,-0.029871,-0.029334,-0.000537,0.008894,-0.024821,0.033716,0.081437,0.024821,0.056616,0.073969,-0.122979,0.196948
HLMA.L,2022-07-01,7,3,upgrade_large,0.01144,-0.029334,0.040775,0.066666,-0.024821,0.091488,0.133025,0.024821,0.108203,0.022973,-0.122979,0.145952
WEIR.L,2022-07-01,13,2,upgrade_large,0.000735,-0.029334,0.030069,0.010562,-0.024821,0.035383,0.173714,0.024821,0.148893,0.0244,-0.122979,0.147378
AUTO.L,2022-07-01,11,4,upgrade_large,0.038715,-0.029334,0.068049,0.088521,-0.024821,0.113342,0.16266,0.024821,0.137838,-0.042257,-0.122979,0.080722
CTEC.L,2022-07-01,1,2,downgrade_cluster,0.0,-0.029334,0.029334,-0.016019,-0.024821,0.008802,0.005324,0.024821,-0.019497,-0.08043,-0.122979,0.042549
BME.L,2022-07-01,13,0,upgrade_large,-0.01644,-0.029334,0.012895,0.042722,-0.024821,0.067543,0.180194,0.024821,0.155373,-0.161615,-0.122979,-0.038636
HFG.L,2022-07-01,5,0,upgrade_large,-0.021613,-0.029334,0.007722,-0.029474,-0.024821,-0.004652,0.086439,0.024821,0.061618,-0.474463,-0.122979,-0.351484
OSB.L,2022-07-01,11,0,upgrade_large,-0.032627,-0.029334,-0.003293,0.010043,-0.024821,0.034865,0.09264,0.024821,0.067819,-0.106937,-0.122979,0.016042
PANR.L,2022-07-01,2,0,upgrade_small,-0.025741,-0.029334,0.003593,-0.008394,-0.024821,0.016427,0.288193,0.024821,0.263371,0.165081,-0.122979,0.28806
IMB.L,2022-07-01,15,0,upgrade_large,-0.031325,-0.029334,-0.001991,-0.016068,-0.024821,0.008753,-0.003541,0.024821,-0.028362,0.021978,-0.122979,0.144957
PSN.L,2022-07-01,3,3,upgrade_medium,-0.020275,-0.029334,0.00906,-0.04829,-0.024821,-0.023468,-0.026148,0.024821,-0.05097,-0.339647,-0.122979,-0.216669
ITRK.L,2022-07-01,3,3,upgrade_medium,-0.011968,-0.029334,0.017367,0.002113,-0.024821,0.026934,-0.000704,0.024821,-0.025526,-0.122446,-0.122979,0.000533
DOM.L,2022-07-01,5,3,upgrade_large,-0.016557,-0.029334,0.012778,0.047596,-0.024821,0.072417,-0.015133,0.024821,-0.039954,-0.188309,-0.122979,-0.06533
CRH.L,2022-07-01,5,0,upgrade_large,-0.031416,-0.029334,-0.002082,0.017548,-0.024821,0.04237,0.074411,0.024821,0.04959,0.029317,-0.122979,0.152295
HAS.L,2022-07-01,4,2,upgrade_medium,-0.025057,-0.029334,0.004278,0.041149,-0.024821,0.065971,0.121719,0.024821,0.096898,-0.004968,-0.122979,0.11801
RMV.L,2022-07-01,6,2,upgrade_large,0.015927,-0.029334,0.045261,0.061936,-0.024821,0.086757,0.116785,0.024821,0.091963,-0.141235,-0.122979,-0.018256
SN.L,2022-07-01,7,2,upgrade_large,-0.017824,-0.029334,0.01151,-0.014344,-0.024821,0.010477,-0.114732,0.024821,-0.139554,-0.075277,-0.122979,0.047702
SOLG.L,2022-07-01,4,0,upgrade_medium,-0.100352,-0.029334,-0.071018,-0.008803,-0.024821,0.016019,-0.146127,0.024821,-0.170948,-0.466197,-0.122979,-0.343219
3IN.L,2022-07-01,3,0,upgrade_medium,-0.0227,-0.029334,0.006634,0.004527,-0.024821,0.029348,-0.00456,0.024821,-0.029381,-0.080204,-0.122979,0.042775
KMR.L,2022-07-01,2,0,upgrade_small,-0.004772,-0.029334,0.024562,0.058243,-0.024821,0.083064,0.048731,0.024821,0.023909,-0.047432,-0.122979,0.075547
ATYM.L,2022-07-01,6,0,upgrade_large,-0.071855,-0.029334,-0.042521,-0.09998,-0.024821,-0.075159,-0.124983,0.024821,-0.149805,-0.39557,-0.122979,-0.272592
DGE.L,2022-07-01,15,2,upgrade_large,-0.000143,-0.029334,0.029192,0.017105,-0.024821,0.041927,0.099214,0.024821,0.074393,0.095857,-0.122979,0.218836
DNLM.L,2022-07-01,7,3,upgrade_large,-0.048799,-0.029334,-0.019464,-0.036149,-0.024821,-0.011327,-0.003016,0.024821,-0.027837,-0.120481,-0.122979,0.002497
HSX.L,2022-07-01,3,3,upgrade_medium,-0.027273,-0.029334,0.002061,-0.019238,-0.024821,0.005583,-0.0742,0.024821,-0.099021,-0.056685,-0.122979,0.066294
PAG.L,2022-07-01,10,2,upgrade_large,-0.01225,-0.029334,0.017084,0.013448,-0.024821,0.03827,0.121867,0.024821,0.097046,-0.176737,-0.122979,-0.053758
NXT.L,2022-07-01,2,9,upgrade_small,0.022058,-0.029334,0.051392,0.074369,-0.024821,0.099191,0.143991,0.024821,0.11917,-0.180743,-0.122979,-0.057764
IBST.L,2022-07-01,7,0,upgrade_large,-0.010491,-0.029334,0.018843,0.012239,-0.024821,0.037061,0.263184,0.024821,0.238362,0.026367,-0.122979,0.149346
INF.L,2022-07-01,13,0,upgrade_large,-0.021671,-0.029334,0.007664,0.017508,-0.024821,0.042329,0.137697,0.024821,0.112876,-0.00755,-0.122979,0.115428
FAN.L,2022-07-01,3,0,upgrade_medium,0.007406,-0.029334,0.03674,0.017767,-0.024821,0.042589,0.16887,0.024821,0.144049,-0.13038,-0.122979,-0.007401
INPP.L,2022-07-01,2,0,upgrade_small,-0.024387,-0.029334,0.004948,-0.013405,-0.024821,0.011416,-0.014617,0.024821,-0.039438,-0.054529,-0.122979,0.06845
KLR.L,2022-07-01,3,0,upgrade_medium,0.0,-0.029334,0.029334,0.0166,-0.024821,0.041421,0.013833,0.024821,-0.010988,-0.113337,-0.122979,0.009641
BOO.L,2022-07-01,10,0,upgrade_large,-0.019587,-0.029334,0.009747,-0.003561,-0.024821,0.02126,0.083333,0.024821,0.058512,-0.350962,-0.122979,-0.227983
BGEO.L,2022-07-01,5,0,upgrade_large,-0.023917,-0.029334,0.005418,0.035866,-0.024821,0.060687,0.189834,0.024821,0.165012,0.485793,-0.122979,0.608771
TSCO.L,2022-07-01,6,7,upgrade_large,0.002739,-0.029334,0.032073,0.019978,-0.024821,0.044799,0.042738,0.024821,0.017917,-0.188418,-0.122979,-0.065439
CCC.L,2022-07-01,4,0,upgrade_medium,-0.031599,-0.029334,-0.002264,0.058067,-0.024821,0.082888,0.079419,0.024821,0.054597,-0.16516,-0.122979,-0.042181
TW.L,2022-07-01,9,1,upgrade_large,-0.035557,-0.029334,-0.006222,-0.037255,-0.024821,-0.012434,0.017325,0.024821,-0.007496,-0.251727,-0.122979,-0.128748
HFD.L,2022-07-01,3,3,upgrade_medium,0.006857,-0.029334,0.036191,0.041141,-0.024821,0.065962,0.169914,0.024821,0.145093,-0.064638,-0.122979,0.058341
HMSO.L,2022-07-01,12,3,upgrade_large,0.002306,-0.029334,0.03164,0.042056,-0.024821,0.066877,0.268419,0.024821,0.243597,-0.07064,-0.122979,0.052339
MTO.L,2022-07-01,3,3,upgrade_medium,0.0,-0.029334,0.029334,0.055001,-0.024821,0.079822,0.39127,0.024821,0.366449,0.108045,-0.122979,0.231023
PETS.L,2022-07-01,5,3,upgrade_large,-0.088367,-0.029334,-0.059033,-0.070964,-0.024821,-0.046143,0.063259,0.024821,0.038437,-0.148356,-0.122979,-0.025377
PRTC.L,2022-07-01,5,0,upgrade_large,0.001151,-0.029334,0.030485,0.093211,-0.024821,0.118032,0.135788,0.024821,0.110967,0.421174,-0.122979,0.544152
SVT.L,2022-07-01,2,4,upgrade_small,0.004721,-0.029334,0.034055,0.016349,-0.024821,0.04117,0.089752,0.024821,0.064931,-0.144258,-0.122979,-0.02128
ULVR.L,2022-07-01,11,1,upgrade_large,0.000526,-0.029334,0.02986,0.013684,-0.024821,0.038506,0.051578,0.024821,0.026757,0.054007,-0.122979,0.176985
BUR.L,2022-07-01,4,0,upgrade_medium,-0.009928,-0.029334,0.019406,0.021717,-0.024821,0.046538,0.055835,0.024821,0.031013,-0.173697,-0.122979,-0.050719
CAML.L,2022-07-01,4,0,upgrade_medium,-0.041635,-0.029334,-0.012301,0.0,-0.024821,0.024821,0.148134,0.024821,0.123313,0.05179,-0.122979,0.174768
BRBY.L,2022-07-01,7,6,upgrade_large,-0.031863,-0.029334,-0.002528,0.011639,-0.024821,0.03646,0.067093,0.024821,0.042272,0.107842,-0.122979,0.23082
MDC.L,2022-07-01,2,2,upgrade_small,-0.015887,-0.029334,0.013447,0.048102,-0.024821,0.072924,0.072816,0.024821,0.047994,0.094563,-0.122979,0.217541
NEX.L,2022-07-01,9,1,upgrade_large,-0.076486,-0.029334,-0.047151,-0.081654,-0.024821,-0.056832,-0.043928,0.024821,-0.068749,-0.128165,-0.122979,-0.005187
FGP.L,2022-07-01,4,2,upgrade_medium,-0.037059,-0.029334,-0.007725,-0.035501,-0.024821,-0.01068,0.019482,0.024821,-0.005339,-0.181314,-0.122979,-0.058336
NSCI.L,2022-07-01,2,0,upgrade_small,0.03125,-0.029334,0.060584,0.007812,-0.024821,0.032634,0.0,0.024821,-0.024821,-0.3125,-0.122979,-0.189521
GBG.L,2022-07-01,5,0,upgrade_large,-0.044049,-0.029334,-0.014714,0.069301,-0.024821,0.094122,0.215343,0.024821,0.190522,0.507428,-0.122979,0.630406
GRG.L,2022-07-01,3,0,upgrade_medium,0.004943,-0.029334,0.034277,0.054919,-0.024821,0.079741,0.170788,0.024821,0.145966,-0.052543,-0.122979,0.070436
HGT.L,2022-07-01,2,0,upgrade_small,0.025369,-0.029334,0.054703,0.060318,-0.024821,0.085139,0.155551,0.024821,0.13073,0.086588,-0.122979,0.209566
LMP.L,2022-07-01,4,1,upgrade_medium,0.011418,-0.029334,0.040752,0.028947,-0.024821,0.053768,0.079871,0.024821,0.05505,-0.225784,-0.122979,-0.102805
MNDI.L,2022-07-01,6,0,upgrade_large,-0.037443,-0.029334,-0.008108,0.006531,-0.024821,0.031353,0.083136,0.024821,0.058315,-0.030078,-0.122979,0.0929
ANTO.L,2022-07-01,5,11,upgrade_large,-0.090952,-0.029334,-0.061618,-0.048598,-0.024821,-0.023777,-0.006244,0.024821,-0.031066,0.00191,-0.122979,0.124888
QQ.L,2022-07-01,3,0,upgrade_medium,-0.013867,-0.029334,0.015467,0.009091,-0.024821,0.033913,0.066285,0.024821,0.041464,-0.107368,-0.122979,0.015611
RIO.L,2022-07-01,16,4,upgrade_large,-0.040023,-0.029334,-0.010688,-0.004756,-0.024821,0.020065,-0.007031,0.024821,-0.031853,0.059666,-0.122979,0.182644
SGE.L,2022-07-01,10,3,upgrade_large,0.005677,-0.029334,0.035011,0.045081,-0.024821,0.069903,0.115725,0.024821,0.090904,0.099329,-0.122979,0.222307
SQZ.L,2022-07-01,2,0,upgrade_small,0.023426,-0.029334,0.05276,0.101052,-0.024821,0.125874,0.285178,0.024821,0.260357,0.351964,-0.122979,0.474943
SXS.L,2022-07-01,8,2,upgrade_large,0.010735,-0.029334,0.04007,0.045153,-0.024821,0.069975,0.065137,0.024821,0.040316,0.012585,-0.122979,0.135563
CNA.L,2022-07-01,3,4,upgrade_medium,-0.066404,-0.029334,-0.037069,0.017417,-0.024821,0.042239,0.094979,0.024821,0.070158,-0.129814,-0.122979,-0.006835
FEVR.L,2022-07-01,3,0,upgrade_medium,-0.025721,-0.029334,0.003613,0.059486,-0.024821,0.084307,-0.184885,0.024821,-0.209707,-0.322376,-0.122979,-0.199397
CHG.L,2022-07-01,3,0,upgrade_medium,-0.029715,-0.029334,-0.000381,0.012473,-0.024821,0.037294,0.096848,0.024821,0.072027,-0.107354,-0.122979,0.015625
JUP.L,2022-07-01,5,3,upgrade_large,-0.047198,-0.029334,-0.017864,-0.006287,-0.024821,0.018534,-0.109886,0.024821,-0.134707,-0.310524,-0.122979,-0.187545
GRI.L,2022-07-01,7,0,upgrade_large,-0.016413,-0.029334,0.012921,0.029248,-0.024821,0.05407,0.04924,0.024821,0.024418,-0.181284,-0.122979,-0.058306
BOY.L,2022-07-01,9,2,upgrade_large,-0.040008,-0.029334,-0.010674,-0.010495,-0.024821,0.014326,0.119039,0.024821,0.094217,-0.113917,-0.122979,0.009062
CCH.L,2022-07-01,6,4,upgrade_large,-0.010461,-0.029334,0.018873,0.031917,-0.024821,0.056739,0.090416,0.024821,0.065595,0.050217,-0.122979,0.173195
NBPE.L,2022-07-01,2,0,upgrade_small,-0.003367,-0.029334,0.025967,0.006734,-0.024821,0.031556,0.029017,0.024821,0.004195,0.067005,-0.122979,0.189984
CMCX.L,2022-07-01,2,1,upgrade_small,-0.038335,-0.029334,-0.009001,0.043775,-0.024821,0.068596,-0.067907,0.024821,-0.092728,-0.169617,-0.122979,-0.046638
UTG.L,2022-07-01,7,0,upgrade_large,-0.014192,-0.029334,0.015142,0.050142,-0.024821,0.074963,0.084203,0.024821,0.059382,-0.178918,-0.122979,-0.055939
FDM.L,2022-07-01,3,0,upgrade_medium,-0.024684,-0.029334,0.00465,0.034076,-0.024821,0.058898,0.071677,0.024821,0.046856,-0.247202,-0.122979,-0.124223
MAB1.L,2022-07-01,2,0,upgrade_small,0.019247,-0.029334,0.048582,-0.004535,-0.024821,0.020287,0.053233,0.024821,0.028412,-0.279731,-0.122979,-0.156752
SMWH.L,2022-07-01,5,2,upgrade_large,-0.040774,-0.029334,-0.01144,-0.007155,-0.024821,0.017666,0.01538,0.024821,-0.009441,-0.144139,-0.122979,-0.021161
SRP.L,2022-07-01,4,2,upgrade_medium,-0.010454,-0.029334,0.01888,0.013317,-0.024821,0.038138,0.082327,0.024821,0.057506,-0.089048,-0.122979,0.033931
WIZZ.L,2022-07-01,12,1,upgrade_large,-0.087974,-0.029334,-0.05864,-0.036589,-0.024821,-0.011767,0.208501,0.024821,0.18368,-0.147431,-0.122979,-0.024452
DLG.L,2022-07-01,12,2,upgrade_large,-0.056703,-0.029334,-0.027369,-0.031961,-0.024821,-0.007139,-0.176458,0.024821,-0.201279,-0.232769,-0.122979,-0.109791
WJG.L,2022-07-01,2,0,upgrade_small,-0.004662,-0.029334,0.024672,0.011655,-0.024821,0.036476,0.011655,0.024821,-0.013166,-0.295105,-0.122979,-0.172126
EXPN.L,2022-07-01,8,4,upgrade_large,0.006995,-0.029334,0.036329,0.079832,-0.024821,0.104654,0.174897,0.024821,0.150075,0.09506,-0.122979,0.218039
EVR.L,2022-07-01,7,3,upgrade_large,0.0,-0.029334,0.029334,0.0,-0.024821,0.024821,0.0,0.024821,-0.024821,0.0,-0.122979,0.122979
HOC.L,2022-07-01,3,1,upgrade_medium,-0.130048,-0.029334,-0.100714,-0.148366,-0.024821,-0.123545,-0.173005,0.024821,-0.197826,-0.371184,-0.122979,-0.248205
UU.L,2022-07-01,4,4,upgrade_medium,0.003433,-0.029334,0.032768,0.012742,-0.024821,0.037564,0.090647,0.024821,0.065826,-0.129054,-0.122979,-0.006075
CRDA.L,2022-07-01,10,2,upgrade_large,0.041795,-0.029334,0.07113,0.045791,-0.024821,0.070612,0.140135,0.024821,0.115314,-0.002556,-0.122979,0.120422
NG.L,2022-07-01,7,5,upgrade_large,-0.005597,-0.029334,0.023737,0.011652,-0.024821,0.036473,0.069959,0.024821,0.045138,-0.131529,-0.122979,-0.00855
SYNT.L,2022-07-01,8,3,upgrade_large,0.008076,-0.029334,0.03741,0.035004,-0.024821,0.059826,-0.070021,0.024821,-0.094842,-0.521996,-0.122979,-0.399018
TPK.L,2022-07-01,10,5,upgrade_large,-0.017533,-0.029334,0.011802,0.008352,-0.024821,0.033173,-0.025043,0.024821,-0.049865,-0.189725,-0.122979,-0.066746
RDW.L,2022-07-01,9,1,upgrade_large,-0.043116,-0.029334,-0.013782,-0.008946,-0.024821,0.015875,0.133036,0.024821,0.108215,-0.150519,-0.122979,-0.02754
BREE.L,2022-07-01,8,0,upgrade_large,-0.003485,-0.029334,0.02585,0.093236,-0.024821,0.118057,0.127773,0.024821,0.102952,-0.068572,-0.122979,0.054407
CRW.L,2022-07-01,3,0,upgrade_medium,0.006197,-0.029334,0.035531,0.034058,-0.024821,0.058879,0.167189,0.024821,0.142368,0.195051,-0.122979,0.318029
ROR.L,2022-07-01,6,2,upgrade_large,-0.020125,-0.029334,0.009209,0.00586,-0.024821,0.030682,0.100582,0.024821,0.07576,-0.008904,-0.122979,0.114074
HILS.L,2022-07-01,6,0,upgrade_large,-0.012129,-0.029334,0.017205,0.045057,-0.024821,0.069878,0.100522,0.024821,0.0757,-0.210568,-0.122979,-0.08759
IMI.L,2022-07-01,7,2,upgrade_large,-0.012871,-0.029334,0.016463,0.030048,-0.024821,0.054869,0.092705,0.024821,0.067884,-0.033309,-0.122979,0.08967
JDW.L,2022-07-01,3,8,upgrade_medium,-0.046447,-0.029334,-0.017112,-0.0181,-0.024821,0.006722,-0.121257,0.024821,-0.146078,-0.362826,-0.122979,-0.239848
GAMA.L,2022-07-01,2,0,upgrade_small,-0.042902,-0.029334,-0.013568,0.029851,-0.024821,0.054673,0.031721,0.024821,0.0069,-0.010476,-0.122979,0.112503
FORT.L,2022-07-01,8,0,upgrade_large,0.011902,-0.029334,0.041236,0.037636,-0.024821,0.062457,0.174257,0.024821,0.149435,-0.056589,-0.122979,0.06639
OTB.L,2022-07-01,5,0,upgrade_large,-0.079968,-0.029334,-0.050634,-0.107109,-0.024821,-0.082288,-0.274249,0.024821,-0.29907,-0.279997,-0.122979,-0.157019
RTN.L,2022-07-01,9,5,upgrade_large,-0.082895,-0.029334,-0.05356,-0.030702,-0.024821,-0.00588,0.080702,0.024821,0.05588,-0.35307,-0.122979,-0.230092
PIN.L,2022-07-01,2,0,upgrade_small,-0.004082,-0.029334,0.025253,0.008163,-0.024821,0.032985,0.073469,0.024821,0.048648,-0.016327,-0.122979,0.106652
FRES.L,2022-07-01,2,3,upgrade_small,-0.040409,-0.029334,-0.011074,-0.123327,-0.024821,-0.098505,-0.059418,0.024821,-0.084239,0.019458,-0.122979,0.142437
REL.L,2022-07-01,11,2,upgrade_large,-0.009502,-0.029334,0.019832,0.028506,-0.024821,0.053328,0.093211,0.024821,0.06839,0.002854,-0.122979,0.125833
LGEN.L,2022-07-01,9,5,upgrade_large,-0.037057,-0.029334,-0.007723,0.008259,-0.024821,0.03308,0.082482,0.024821,0.057661,-0.090035,-0.122979,0.032944
TRIG.L,2022-07-01,2,1,upgrade_small,-0.007378,-0.029334,0.021957,0.00594,-0.024821,0.030762,0.025199,0.024821,0.000377,-0.04829,-0.122979,0.074689
AAL.L,2022-07-01,10,3,upgrade_large,-0.076733,-0.029334,-0.047399,-0.034379,-0.024821,-0.009558,-0.011165,0.024821,-0.035987,0.006123,-0.122979,0.129102
LLOY.L,2022-07-01,16,7,upgrade_large,-0.024691,-0.029334,0.004643,-0.009259,-0.024821,0.015562,0.070707,0.024821,0.045886,-0.006734,-0.122979,0.116245
CPG.L,2022-07-01,11,1,upgrade_large,-0.02315,-0.029334,0.006184,0.035302,-0.024821,0.060123,0.118344,0.024821,0.093522,0.04456,-0.122979,0.167539
GLEN.L,2022-07-01,17,1,upgrade_large,-0.061794,-0.029334,-0.03246,-0.000341,-0.024821,0.024481,0.051717,0.024821,0.026896,0.17312,-0.122979,0.296098
HCM.L,2022-07-01,2,0,upgrade_small,0.141563,-0.029334,0.170897,0.123443,-0.024821,0.148264,-0.103058,0.024821,-0.127879,-0.261608,-0.122979,-0.13863
XPP.L,2022-07-01,3,0,upgrade_medium,-0.019643,-0.029334,0.009691,0.003572,-0.024821,0.028394,-0.137499,0.024821,-0.16232,-0.398848,-0.122979,-0.275869
BATS.L,2022-07-01,17,0,upgrade_large,-0.030972,-0.029334,-0.001638,-0.026241,-0.024821,-0.00142,-0.061727,0.024821,-0.086548,-0.0578,-0.122979,0.065178
GNC.L,2022-07-01,10,0,upgrade_large,-0.031378,-0.029334,-0.002043,-0.039452,-0.024821,-0.014631,0.009608,0.024821,-0.015214,-0.269931,-0.122979,-0.146952
DPLM.L,2022-07-01,4,0,upgrade_medium,-0.012557,-0.029334,0.016777,0.069056,-0.024821,0.093878,0.210764,0.024821,0.185942,0.042152,-0.122979,0.16513
IHG.L,2022-07-01,3,6,upgrade_medium,-0.016291,-0.029334,0.013044,0.038321,-0.024821,0.063143,0.110601,0.024821,0.08578,0.010668,-0.122979,0.133647
IWG.L,2022-07-01,8,0,upgrade_large,-0.033236,-0.029334,-0.003902,0.005872,-0.024821,0.030693,-0.012228,0.024821,-0.037049,-0.328431,-0.122979,-0.205453
JD.L,2022-07-01,8,0,upgrade_large,-0.038263,-0.029334,-0.008929,0.052447,-0.024821,0.077269,0.093775,0.024821,0.068953,-0.145784,-0.122979,-0.022806
JUST.L,2022-07-01,5,0,upgrade_large,-0.060828,-0.029334,-0.031494,-0.040043,-0.024821,-0.015221,0.012227,0.024821,-0.012595,-0.194406,-0.122979,-0.071428
SEPL.L,2022-07-01,8,0,upgrade_large,0.038973,-0.029334,0.068308,0.109316,-0.024821,0.134137,0.331206,0.024821,0.306385,0.210483,-0.122979,0.333462
SPI.L,2022-07-01,3,0,upgrade_medium,-0.017041,-0.029334,0.012293,-0.002136,-0.024821,0.022686,0.014906,0.024821,-0.009916,-0.081023,-0.122979,0.041955
AZN.L,2022-07-01,19,4,upgrade_large,0.004278,-0.029334,0.033612,0.037195,-0.024821,0.062017,0.002418,0.024821,-0.022404,-0.06991,-0.122979,0.053068
BVIC.L,2022-07-01,7,1,upgrade_large,-0.017154,-0.029334,0.01218,0.038573,-0.024821,0.063395,0.033061,0.024821,0.00824,-0.121246,-0.122979,0.001732
BA.L,2022-07-01,11,2,upgrade_large,-0.04031,-0.029334,-0.010976,-0.031486,-0.024821,-0.006665,-0.043173,0.024821,-0.067995,-0.057971,-0.122979,0.065008
MRO.L,2022-07-01,12,0,upgrade_large,-0.05238,-0.029334,-0.023046,0.001615,-0.024821,0.026436,-0.016502,0.024821,-0.041323,-0.332623,-0.122979,-0.209644
ABF.L,2022-07-01,17,1,upgrade_large,-0.03933,-0.029334,-0.009995,-0.002831,-0.024821,0.02199,0.034301,0.024821,0.009479,-0.2061,-0.122979,-0.083121
AHT.L,2022-07-01,11,1,upgrade_large,-0.011593,-0.029334,0.017742,0.074356,-0.024821,0.099177,0.281029,0.024821,0.256207,0.169508,-0.122979,0.292487
CNE.L,2022-07-01,16,1,upgrade_large,-0.010307,-0.029334,0.019027,0.040296,-0.024821,0.065117,0.01776,0.024821,-0.007061,0.148081,-0.122979,0.27106
CPI.L,2022-07-01,3,4,upgrade_medium,-0.050781,-0.029334,-0.021447,-0.000781,-0.024821,0.02404,0.1375,0.024821,0.112679,-0.021875,-0.122979,0.101104
CWK.L,2022-07-01,4,0,upgrade_medium,-0.00857,-0.029334,0.020764,0.003298,-0.024821,0.028119,0.077284,0.024821,0.052463,-0.101145,-0.122979,0.021834
DLN.L,2022-07-01,6,3,upgrade_large,0.002315,-0.029334,0.03165,0.037039,-0.024821,0.061861,0.088737,0.024821,0.063916,-0.21286,-0.122979,-0.089881
HLCL.L,2022-07-01,4,0,upgrade_medium,-0.028383,-0.029334,0.000951,-0.020248,-0.024821,0.004573,0.031085,0.024821,0.006263,-0.037824,-0.122979,0.085154
LOOK.L,2022-07-01,6,0,upgrade_large,-0.013369,-0.029334,0.015965,0.061498,-0.024821,0.086319,0.096256,0.024821,0.071435,-0.117646,-0.122979,0.005332
MGAM.L,2022-07-01,4,1,upgrade_medium,-0.050629,-0.029334,-0.021295,-0.021692,-0.024821,0.003129,0.122992,0.024821,0.098171,-0.179003,-0.122979,-0.056025
MSLH.L,2022-07-01,5,0,upgrade_large,-0.01758,-0.029334,0.011755,0.016657,-0.024821,0.041478,0.080617,0.024821,0.055796,-0.340997,-0.122979,-0.218018
RNWH.L,2022-07-01,2,0,upgrade_small,0.01706,-0.029334,0.046395,0.032557,-0.024821,0.057379,0.125574,0.024821,0.100752,-0.116279,-0.122979,0.0067
RR.L,2022-07-01,5,12,upgrade_large,-0.080814,-0.029334,-0.05148,0.007764,-0.024821,0.032585,0.019998,0.024821,-0.004824,-0.191507,-0.122979,-0.068528
FOUR.L,2022-07-01,5,0,upgrade_large,-0.012905,-0.029334,0.016429,0.03011,-0.024821,0.054932,0.35054,0.024821,0.325719,0.472231,-0.122979,0.59521
RWI.L,2022-07-01,2,0,upgrade_small,0.021331,-0.029334,0.050665,0.009336,-0.024821,0.034157,0.015998,0.024821,-0.008823,-0.246672,-0.122979,-0.123694
SBRY.L,2022-07-01,7,4,upgrade_large,0.015438,-0.029334,0.044772,0.037626,-0.024821,0.062448,0.064158,0.024821,0.039337,-0.159544,-0.122979,-0.036566
CAPC.L,2022-07-01,4,6,upgrade_medium,-0.004317,-0.029334,0.025018,0.048921,-0.024821,0.073742,0.043885,0.024821,0.019063,-0.241077,-0.122979,-0.118098
SHI.L,2022-07-01,5,4,upgrade_large,-0.005051,-0.029334,0.024284,0.048822,-0.024821,0.073643,0.161616,0.024821,0.136795,0.010101,-0.122979,0.13308
SNR.L,2022-07-01,6,2,upgrade_large,-0.030821,-0.029334,-0.001487,0.037641,-0.024821,0.062462,0.268798,0.024821,0.243977,0.001683,-0.122979,0.124661
BYG.L,2022-07-01,3,1,upgrade_medium,0.010049,-0.029334,0.039383,0.043023,-0.024821,0.067844,0.080723,0.024821,0.055902,-0.167474,-0.122979,-0.044495
MGNS.L,2022-07-01,4,0,upgrade_medium,-0.01967,-0.029334,0.009665,0.01967,-0.024821,0.044491,0.080871,0.024821,0.05605,-0.192353,-0.122979,-0.069374
CLI.L,2022-07-01,3,0,upgrade_medium,-0.017274,-0.029334,0.012061,0.004926,-0.024821,0.029748,0.009915,0.024821,-0.014906,-0.301197,-0.122979,-0.178219
INCH.L,2022-07-01,6,0,upgrade_large,-0.014463,-0.029334,0.014871,0.032568,-0.024821,0.057389,0.215629,0.024821,0.190807,-0.003541,-0.122979,0.119437
OCDO.L,2022-07-01,9,5,upgrade_large,-0.010565,-0.029334,0.018769,0.026536,-0.024821,0.051357,0.068305,0.024821,0.043483,-0.419533,-0.122979,-0.296555
PAGE.L,2022-07-01,4,2,upgrade_medium,-0.027654,-0.029334,0.001681,0.042463,-0.024821,0.067285,0.096787,0.024821,0.071966,-0.013066,-0.122979,0.109913
CEY.L,2022-07-01,11,0,upgrade_large,0.01174,-0.029334,0.041074,0.028996,-0.024821,0.053817,0.102263,0.024821,0.077442,0.196181,-0.122979,0.31916
SPX.L,2022-07-01,5,0,upgrade_large,0.026356,-0.029334,0.05569,0.06365,-0.024821,0.088471,0.166087,0.024821,0.141265,0.034311,-0.122979,0.15729
SSE.L,2022-07-01,12,1,upgrade_large,-0.003872,-0.029334,0.025462,0.040833,-0.024821,0.065655,0.105352,0.024821,0.080531,-0.057536,-0.122979,0.065443
AGY.L,2022-07-01,4,0,upgrade_medium,-0.059759,-0.029334,-0.030425,-0.083855,-0.024821,-0.059034,-0.107952,0.024821,-0.132773,-0.083855,-0.122979,0.039123
AVON.L,2022-07-01,5,1,upgrade_large,-0.068153,-0.029334,-0.038819,-0.051244,-0.024821,-0.026423,0.068661,0.024821,0.043839,0.130918,-0.122979,0.253897
BEZ.L,2022-07-01,4,2,upgrade_medium,-0.023468,-0.029334,0.005867,0.016882,-0.024821,0.041704,0.100256,0.024821,0.075435,0.16098,-0.122979,0.283959
DRX.L,2022-07-01,6,2,upgrade_large,-0.034118,-0.029334,-0.004783,0.056863,-0.024821,0.081684,0.187264,0.024821,0.162443,-0.078982,-0.122979,0.043997
LUCE.L,2022-07-01,2,0,upgrade_small,0.009612,-0.029334,0.038947,0.096122,-0.024821,0.120944,-0.009612,0.024821,-0.034434,-0.190169,-0.122979,-0.067191
IGG.L,2022-07-01,2,1,upgrade_small,-0.035097,-0.029334,-0.005763,0.018266,-0.024821,0.043087,0.16007,0.024821,0.135249,0.162114,-0.122979,0.285092
RSW.L,2022-07-01,2,4,upgrade_small,0.012021,-0.029334,0.041356,0.066121,-0.024821,0.090942,0.143717,0.024821,0.118895,-0.039344,-0.122979,0.083634
III.L,2022-07-01,4,0,upgrade_medium,-0.003174,-0.029334,0.02616,0.045828,-0.024821,0.07065,0.128399,0.024821,0.103577,-0.008167,-0.122979,0.114811
BBOX.L,2022-07-01,3,0,upgrade_medium,0.01624,-0.029334,0.045574,0.021854,-0.024821,0.046675,0.093029,0.024821,0.068208,-0.232574,-0.122979,-0.109595
EMG.L,2022-07-01,10,0,upgrade_large,-0.013165,-0.029334,0.016169,0.029166,-0.024821,0.053987,0.013975,0.024821,-0.010846,-0.061775,-0.122979,0.061203
HSBA.L,2022-07-01,7,5,upgrade_large,-0.021143,-0.029334,0.008191,-0.012539,-0.024821,0.012283,0.0,0.024821,-0.024821,-0.113371,-0.122979,0.009608
CINE.L,2022-07-01,10,1,upgrade_large,-0.102857,-0.029334,-0.073523,-0.143095,-0.024821,-0.118274,-0.020476,0.024821,-0.045298,-0.860667,-0.122979,-0.737688
HWDN.L,2022-07-01,7,2,upgrade_large,-0.018508,-0.029334,0.010826,0.0086,-0.024821,0.033421,0.08625,0.024821,0.061428,-0.165227,-0.122979,-0.042249
MAB.L,2022-07-01,4,3,upgrade_medium,-0.0192,-0.029334,0.010134,-0.04,-0.024821,-0.015179,-0.053867,0.024821,-0.078688,-0.386133,-0.122979,-0.263155
IAG.L,2022-07-01,10,2,upgrade_large,-0.054577,-0.029334,-0.025242,-0.047433,-0.024821,-0.022612,0.068006,0.024821,0.043185,-0.130203,-0.122979,-0.007224
SAFE.L,2022-07-01,6,0,upgrade_large,0.013604,-0.029334,0.042938,0.034335,-0.024821,0.059157,0.088253,0.024821,0.063431,-0.176948,-0.122979,-0.053969
KGF.L,2022-07-01,5,7,upgrade_large,-0.025495,-0.029334,0.003839,0.001611,-0.024821,0.026433,0.010141,0.024821,-0.01468,-0.107336,-0.122979,0.015643
S32.L,2022-07-01,2,2,upgrade_small,-0.049963,-0.029334,-0.020629,-0.056803,-0.024821,-0.031981,-0.031795,0.024821,-0.056616,0.034719,-0.122979,0.157697
TBCG.L,2022-07-01,7,0,upgrade_large,-0.019601,-0.029334,0.009733,-0.026142,-0.024821,-0.00132,0.163402,0.024821,0.13858,0.42266,-0.122979,0.545638
TEP.L,2022-07-01,4,0,upgrade_medium,-0.004056,-0.029334,0.025278,0.045688,-0.024821,0.07051,0.158851,0.024821,0.134029,-0.111034,-0.122979,0.011944
OXIG.L,2022-07-01,3,1,upgrade_medium,-0.012109,-0.029334,0.017225,0.004035,-0.024821,0.028856,0.122805,0.024821,0.097984,-0.09363,-0.122979,0.029349
PFD.L,2022-07-01,0,2,downgrade_cluster,-0.025168,-0.029334,0.004167,-0.02871,-0.024821,-0.003889,0.035981,0.024821,0.011159,-0.14299,-0.122979,-0.020012
INVP.L,2022-07-01,4,0,upgrade_medium,-0.041413,-0.029334,-0.012079,-0.034891,-0.024821,-0.01007,0.058961,0.024821,0.03414,-0.126726,-0.122979,-0.003747
RST.L,2022-07-01,4,0,upgrade_medium,0.011901,-0.029334,0.041235,0.047629,-0.024821,0.07245,0.049994,0.024821,0.025172,-0.113584,-0.122979,0.009394
ITV.L,2022-07-01,14,4,upgrade_large,-0.037529,-0.029334,-0.008195,-0.011355,-0.024821,0.013466,0.093918,0.024821,0.069097,-0.127213,-0.122979,-0.004235
JSG.L,2022-07-01,2,0,upgrade_small,0.004122,-0.029334,0.033456,0.020497,-0.024821,0.045318,0.189373,0.024821,0.164551,-0.191378,-0.122979,-0.068399
PLUS.L,2022-07-01,2,0,upgrade_small,-0.031957,-0.029334,-0.002622,-0.021304,-0.024821,0.003517,0.048246,0.024821,0.023425,0.063415,-0.122979,0.186393
POLR.L,2022-07-01,2,0,upgrade_small,-0.019526,-0.029334,0.009808,-0.018511,-0.024821,0.00631,0.017963,0.024821,-0.006858,-0.135202,-0.122979,-0.012223
BWY.L,2022-07-01,13,1,upgrade_large,-0.01624,-0.029334,0.013094,0.005565,-0.024821,0.030386,0.061717,0.024821,0.036896,-0.209745,-0.122979,-0.086767
SSPG.L,2022-07-01,4,3,upgrade_medium,-0.023099,-0.029334,0.006235,-0.0042,-0.024821,0.020622,0.083297,0.024821,0.058476,-0.201636,-0.122979,-0.078658
HL.L,2022-07-01,5,5,upgrade_large,-0.017758,-0.029334,0.011576,0.042994,-0.024821,0.067816,0.062292,0.024821,0.037471,0.151536,-0.122979,0.274515
SVS.L,2022-07-01,3,0,upgrade_medium,-0.005919,-0.029334,0.023415,0.048378,-0.024821,0.0732,0.120432,0.024821,0.095611,-0.209206,-0.122979,-0.086228
TATE.L,2022-07-01,1,2,downgrade_cluster,0.019459,-0.029334,0.048794,0.023404,-0.024821,0.048225,0.05287,0.024821,0.028049,-0.105506,-0.122979,0.017472
RWA.L,2022-07-01,5,0,upgrade_large,0.056033,-0.029334,0.085367,0.136938,-0.024821,0.161759,0.078834,0.024821,0.054013,-0.037705,-0.122979,0.085274
UKW.L,2022-07-01,3,0,upgrade_medium,0.007825,-0.029334,0.037159,-0.001346,-0.024821,0.023475,0.013715,0.024821,-0.011107,-0.005974,-0.122979,0.117005
FERG.L,2022-07-01,13,1,upgrade_large,-0.004873,-0.029334,0.024461,0.031451,-0.024821,0.056272,0.124031,0.024821,0.099209,0.041418,-0.122979,0.164396
ASHM.L,2022-07-01,4,3,upgrade_medium,-0.033805,-0.029334,-0.004471,-0.060276,-0.024821,-0.035454,-0.02832,0.024821,-0.053141,-0.100013,-0.122979,0.022966
CRN.L,2022-07-01,4,0,upgrade_medium,-0.001242,-0.029334,0.028093,0.040557,-0.024821,0.065379,0.032418,0.024821,0.007597,-0.12581,-0.122979,-0.002832
GSK.L,2022-07-01,13,2,upgrade_large,0.000561,-0.029334,0.029895,-0.009408,-0.024821,0.015414,-0.060199,0.024821,-0.08502,-0.267585,-0.122979,-0.144606
HIK.L,2022-07-01,4,1,upgrade_medium,0.010176,-0.029334,0.039511,0.055509,-0.024821,0.08033,0.067842,0.024821,0.043021,-0.150085,-0.122979,-0.027106
ICGT.L,2022-07-01,2,0,upgrade_small,0.00938,-0.029334,0.038715,0.034928,-0.024821,0.059749,0.017893,0.024821,-0.006929,-0.062511,-0.122979,0.060468
ICP.L,2022-07-01,6,1,upgrade_large,-0.024305,-0.029334,0.005029,0.017469,-0.024821,0.042291,0.116218,0.024821,0.091397,-0.253475,-0.122979,-0.130497
TCAP.L,2022-07-01,5,3,upgrade_large,-0.07675,-0.029334,-0.047416,-0.07585,-0.024821,-0.051028,0.057056,0.024821,0.032235,0.748368,-0.122979,0.871347
ASC.L,2022-07-01,14,3,upgrade_large,0.01644,-0.029334,0.045774,0.056689,-0.024821,0.081511,0.136054,0.024821,0.111233,-0.354875,-0.122979,-0.231897
DCC.L,2022-07-01,12,1,upgrade_large,-0.011417,-0.029334,0.017917,0.029923,-0.024821,0.054744,0.030316,0.024821,0.005494,-0.076969,-0.122979,0.04601
ESNT.L,2022-07-01,3,1,upgrade_medium,-0.014189,-0.029334,0.015145,0.016209,-0.024821,0.04103,-0.028328,0.024821,-0.053149,-0.25202,-0.122979,-0.129041
LRE.L,2022-07-01,2,6,upgrade_small,-0.011682,-0.029334,0.017652,0.034538,-0.024821,0.059359,0.119359,0.024821,0.094537,0.271876,-0.122979,0.394855
MARS.L,2022-07-01,7,2,upgrade_large,-0.068385,-0.029334,-0.03905,-0.095342,-0.024821,-0.070521,-0.054509,0.024821,-0.079331,-0.293558,-0.122979,-0.170579
SGRO.L,2022-07-01,10,4,upgrade_large,0.029499,-0.029334,0.058833,0.045191,-0.024821,0.070012,0.127621,0.024821,0.1028,-0.20634,-0.122979,-0.083362
AGR.L,2022-07-01,2,0,upgrade_small,-0.003092,-0.029334,0.026242,0.013143,-0.024821,0.037964,0.054503,0.024821,0.029682,-0.167762,-0.122979,-0.044783
KNOS.L,2022-07-01,3,0,upgrade_medium,-0.019854,-0.029334,0.00948,0.056864,-0.024821,0.081685,0.222925,0.024821,0.198104,0.161553,-0.122979,0.284532
ASCL.L,2022-07-01,7,2,upgrade_large,0.037454,-0.029334,0.066788,0.123014,-0.024821,0.147836,-0.081748,0.024821,-0.106569,-0.214668,-0.122979,-0.091689
DPEU.L,2022-07-01,2,0,upgrade_small,0.01083,-0.029334,0.040165,-0.00722,-0.024821,0.017601,0.054152,0.024821,0.02933,-0.268953,-0.122979,-0.145975
DPH.L,2022-07-01,5,0,upgrade_large,0.033734,-0.029334,0.063068,0.038879,-0.024821,0.063701,0.037164,0.024821,0.012343,-0.250429,-0.122979,-0.12745
ERGO.L,2022-07-01,2,0,upgrade_small,0.02549,-0.029334,0.054825,0.0,-0.024821,0.024821,0.196078,0.024821,0.171257,0.143137,-0.122979,0.266116
INDV.L,2022-07-01,4,1,upgrade_medium,-0.017072,-0.029334,0.012263,0.017072,-0.024821,0.041893,0.074196,0.024821,0.049374,-0.066973,-0.122979,0.056005
KWS.L,2022-07-01,2,0,upgrade_small,-0.027102,-0.029334,0.002232,0.039745,-0.024821,0.064566,0.107498,0.024821,0.082676,0.037938,-0.122979,0.160917
LTG.L,2022-07-01,3,0,upgrade_medium,-0.01875,-0.029334,0.010584,0.058022,-0.024821,0.082844,0.140299,0.024821,0.115477,-0.062593,-0.122979,0.060385
TUI.L,2022-07-01,9,1,upgrade_large,-0.064528,-0.029334,-0.035194,-0.05833,-0.024821,-0.033509,-0.037186,0.024821,-0.062007,-0.211447,-0.122979,-0.088469
BDEV.L,2022-07-01,8,3,upgrade_large,-0.023721,-0.029334,0.005613,-0.003285,-0.024821,0.021537,0.039388,0.024821,0.014567,-0.199625,-0.122979,-0.076646
BLND.L,2022-07-01,8,1,upgrade_large,-0.001356,-0.029334,0.027979,0.046332,-0.024821,0.071153,0.089302,0.024821,0.064481,-0.207098,-0.122979,-0.084119
VOD.L,2022-07-01,18,2,upgrade_large,-0.002872,-0.029334,0.026462,0.010464,-0.024821,0.035285,-0.052113,0.024821,-0.076935,-0.206094,-0.122979,-0.083115
PFG.L,2022-07-01,5,3,upgrade_large,-0.052156,-0.029334,-0.022822,-0.039117,-0.024821,-0.014296,-0.048646,0.024821,-0.073467,-0.181381,-0.122979,-0.058402
SMDS.L,2022-07-01,7,1,upgrade_large,-0.012055,-0.029334,0.017279,0.028812,-0.024821,0.053633,0.052922,0.024821,0.0281,-0.061728,-0.122979,0.061251
TYMN.L,2022-07-01,5,0,upgrade_large,-0.014767,-0.029334,0.014568,0.044393,-0.024821,0.069214,0.103599,0.024821,0.078777,-0.1544,-0.122979,-0.031421
SMS.L,2022-07-01,5,0,upgrade_large,0.01757,-0.029334,0.046904,0.062742,-0.024821,0.087563,0.168134,0.024821,0.143313,0.008778,-0.122979,0.131757
APH.L,2022-07-01,3,0,upgrade_medium,0.012462,-0.029334,0.041796,0.05714,-0.024821,0.081962,-0.151759,0.024821,-0.17658,-0.504477,-0.122979,-0.381499
NFC.L,2022-07-01,2,0,upgrade_small,-0.007735,-0.029334,0.0216,0.055915,-0.024821,0.080737,0.123931,0.024821,0.09911,-0.130291,-0.122979,-0.007313
888.L,2022-07-01,6,0,upgrade_large,-0.060325,-0.029334,-0.03099,-0.164733,-0.024821,-0.139912,-0.177494,0.024821,-0.202316,-0.457077,-0.122979,-0.334098
AV.L,2022-07-01,13,2,upgrade_large,-0.043565,-0.029334,-0.014231,-0.004865,-0.024821,0.019956,-0.005883,0.024821,-0.030704,-0.005565,-0.122979,0.117414
BAB.L,2022-07-01,10,2,upgrade_large,-0.04024,-0.029334,-0.010906,-0.015094,-0.024821,0.009727,0.133984,0.024821,0.109163,-0.1239,-0.122979,-0.000921
BAG.L,2022-07-01,2,0,upgrade_small,-0.03078,-0.029334,-0.001446,0.057697,-0.024821,0.082518,0.049992,0.024821,0.02517,-0.124039,-0.122979,-0.001061
BARC.L,2022-07-01,12,7,upgrade_large,-0.03733,-0.029334,-0.007995,-0.01438,-0.024821,0.010441,0.044557,0.024821,0.019736,-0.045451,-0.122979,0.077527
BBY.L,2022-07-01,6,0,upgrade_large,-0.018731,-0.029334,0.010603,0.028033,-0.024821,0.052854,0.095842,0.024821,0.071021,0.194085,-0.122979,0.317063
BP.L,2022-07-01,12,3,upgrade_large,-0.029141,-0.029334,0.000193,0.000249,-0.024821,0.02507,0.049014,0.024821,0.024193,0.140387,-0.122979,0.263365
CAR.L,2022-07-01,2,0,upgrade_small,-0.047059,-0.029334,-0.017724,-0.068235,-0.024821,-0.043414,-0.014118,0.024821,-0.038939,-0.214118,-0.122979,-0.091139
DSCV.L,2022-07-01,5,0,upgrade_large,-0.048489,-0.029334,-0.019155,-0.045449,-0.024821,-0.020628,0.136364,0.024821,0.111543,-0.018189,-0.122979,0.104789
MKS.L,2022-07-01,7,11,upgrade_large,-0.005482,-0.029334,0.023852,-0.024965,-0.024821,-0.000143,0.002148,0.024821,-0.022673,-0.285947,-0.122979,-0.162969
ELM.L,2022-07-01,7,0,upgrade_large,-0.005077,-0.029334,0.024258,0.023903,-0.024821,0.048724,0.184241,0.024821,0.15942,-0.084188,-0.122979,0.03879
HWG.L,2022-07-01,3,0,upgrade_medium,-0.010112,-0.029334,0.019222,-0.020225,-0.024821,0.004597,0.077481,0.024821,0.05266,-0.182579,-0.122979,-0.0596
JHD.L,2022-07-01,2,0,upgrade_small,-0.023698,-0.029334,0.005636,0.006209,-0.024821,0.031031,0.021135,0.024821,-0.003687,0.028654,-0.122979,0.151633
PNN.L,2022-07-01,6,3,upgrade_large,0.003131,-0.029334,0.032465,0.020954,-0.024821,0.045776,0.101884,0.024821,0.077062,-0.157265,-0.122979,-0.034287
PFC.L,2022-07-01,10,3,upgrade_large,-0.032081,-0.029334,-0.002746,-0.004583,-0.024821,0.020238,0.036664,0.024821,0.011842,-0.074244,-0.122979,0.048735
PRU.L,2022-07-01,17,1,upgrade_large,-0.066736,-0.029334,-0.037402,-0.020373,-0.024821,0.004449,-0.070616,0.024821,-0.095438,-0.128506,-0.122979,-0.005528
PSON.L,2022-07-01,5,8,upgrade_large,-0.007254,-0.029334,0.022081,0.032024,-0.024821,0.056845,0.170616,0.024821,0.145794,0.17502,-0.122979,0.297999
SPT.L,2022-07-01,5,0,upgrade_large,-0.038982,-0.029334,-0.009648,-0.003217,-0.024821,0.021605,0.113646,0.024821,0.088825,0.051003,-0.122979,0.173982
STAN.L,2022-07-01,5,10,upgrade_large,-0.034255,-0.029334,-0.004921,-0.045362,-0.024821,-0.020541,-0.048941,0.024821,-0.073763,-0.06971,-0.122979,0.053269
BKG.L,2022-07-01,6,4,upgrade_large,-0.008549,-0.029334,0.020786,0.018703,-0.024821,0.043524,0.091371,0.024821,0.066549,-0.114402,-0.122979,0.008576
STJ.L,2022-07-01,16,0,upgrade_large,-0.033913,-0.029334,-0.004579,0.045371,-0.024821,0.070193,0.099909,0.024821,0.075088,-0.037453,-0.122979,0.085525
YNGA.L,2022-07-01,2,0,upgrade_small,0.001775,-0.029334,0.031109,0.00355,-0.024821,0.028371,0.081565,0.024821,0.056744,-0.171102,-0.122979,-0.048124
SKG.L,2022-07-01,5,0,upgrade_large,-0.035307,-0.029334,-0.005972,-0.003312,-0.024821,0.02151,0.094518,0.024821,0.069697,-0.039087,-0.122979,0.083892
FXPO.L,2022-07-01,1,6,downgrade_cluster,-0.070667,-0.029334,-0.041332,-0.126902,-0.024821,-0.102081,0.085804,0.024821,0.060983,-0.076,-0.122979,0.046979
MPE.L,2022-07-01,2,0,upgrade_small,0.034643,-0.029334,0.063978,-0.020783,-0.024821,0.004038,-0.053119,0.024821,-0.07794,-0.04849,-0.122979,0.074489
MONY.L,2022-07-01,8,0,upgrade_large,0.035525,-0.029334,0.06486,0.061912,-0.024821,0.086733,0.188415,0.024821,0.163593,0.080258,-0.122979,0.203237
SDR.L,2022-07-01,9,1,upgrade_large,-0.025701,-0.029334,0.003633,0.020417,-0.024821,0.045239,0.103547,0.024821,0.078726,-0.123699,-0.122979,-0.00072
TLW.L,2022-10-01,2,0,upgrade_small,0.058025,0.038075,0.01995,0.006551,-0.015063,0.021614,0.043987,0.055649,-0.011662,-0.149743,0.162762,-0.312504
OXB.L,2022-12-01,3,0,upgrade_medium,-0.013547,0.002473,-0.016019,-0.057882,-0.008478,-0.049404,0.134236,-0.018368,0.152605,0.374384,0.037089,0.337295
RTO.L,2022-12-01,10,2,upgrade_large,-0.00109,0.002473,-0.003563,-0.01984,-0.008478,-0.011362,-0.04225,-0.018368,-0.023882,-0.06026,0.037089,-0.097349
WTB.L,2022-12-01,11,5,upgrade_large,0.001152,0.002473,-0.001321,-0.007672,-0.008478,0.000806,0.026861,-0.018368,0.045229,0.195319,0.037089,0.15823
SMIN.L,2022-12-01,8,1,upgrade_large,-0.001248,0.002473,-0.003721,0.009716,-0.008478,0.018193,0.001882,-0.018368,0.020251,0.10906,0.037089,0.071971
NEX.L,2022-12-01,9,1,upgrade_large,-0.004058,0.002473,-0.006531,-0.088696,-0.008478,-0.080218,-0.230145,-0.018368,-0.211777,-0.17971,0.037089,-0.2168
FEVR.L,2022-12-01,3,0,upgrade_medium,0.052118,0.002473,0.049645,-0.041516,-0.008478,-0.033039,-0.066257,-0.018368,-0.047889,-0.054764,0.037089,-0.091853
UU.L,2022-12-01,4,4,upgrade_medium,0.002866,0.002473,0.000394,-0.011948,-0.008478,-0.003471,-0.024171,-0.018368,-0.005803,-0.009137,0.037089,-0.046226
RTN.L,2022-12-01,9,5,upgrade_large,0.012735,0.002473,0.010262,-0.019437,-0.008478,-0.010959,0.125335,-0.018368,0.143703,0.508713,0.037089,0.471624
LLOY.L,2022-12-01,16,7,upgrade_large,0.011407,0.002473,0.008934,-0.004816,-0.008478,0.003661,0.0218,-0.018368,0.040168,0.122433,0.037089,0.085344
HWDN.L,2022-12-01,7,2,upgrade_large,-0.004019,0.002473,-0.006491,-0.027039,-0.008478,-0.018561,-0.028712,-0.018368,-0.010344,0.188581,0.037089,0.151491
IAG.L,2022-12-01,10,2,upgrade_large,0.008732,0.002473,0.00626,0.012007,-0.008478,0.020484,-0.030875,-0.018368,-0.012507,0.165133,0.037089,0.128044
POLR.L,2022-12-01,2,0,upgrade_small,0.020206,0.002473,0.017733,-0.03637,-0.008478,-0.027893,0.001542,-0.018368,0.01991,0.062904,0.037089,0.025814
ICP.L,2022-12-01,6,1,upgrade_large,-0.019715,0.002473,-0.022188,-0.068158,-0.008478,-0.059681,-0.057686,-0.018368,-0.039318,0.162188,0.037089,0.125099
STAN.L,2022-12-01,5,10,upgrade_large,-0.003702,0.002473,-0.006175,-0.005707,-0.008478,0.002771,0.076335,-0.018368,0.094704,0.349406,0.037089,0.312316
BDEV.L,2023-12-01,2,0,upgrade_small,0.005395,-0.008259,0.013654,0.032327,-0.00925,0.041578,0.054264,0.0185,0.035764,-0.093877,0.020813,-0.11469
NXT.L,2024-07-01,0,2,downgrade_cluster,-0.008113,0.001496,-0.009609,-0.033952,0.009874,-0.043826,0.010598,0.041293,-0.030695,0.08945,0.074506,0.014944
JDW.L,2024-07-01,0,2,downgrade_cluster,0.007544,0.001496,0.006048,0.053462,0.009874,0.043588,0.023299,0.041293,-0.017993,0.01645,0.074506,-0.058056
BATS.L,2024-07-01,2,0,upgrade_small,-0.007344,0.001496,-0.00884,0.010608,0.009874,0.000734,0.11995,0.041293,0.078657,0.134888,0.074506,0.060382
CEY.L,2024-07-01,2,0,upgrade_small,0.004998,0.001496,0.003502,0.060058,0.009874,0.050184,0.041066,0.041293,-0.000226,0.22449,0.074506,0.149984
BWY.L,2024-07-01,2,0,upgrade_small,0.0063,0.001496,0.004803,0.015749,0.009874,0.005875,0.128346,0.041293,0.087054,0.225982,0.074506,0.151475
BDEV.L,2024-07-01,2,0,upgrade_small,0.000214,0.001496,-0.001282,0.028052,0.009874,0.018178,0.10213,0.041293,0.060837,0.026658,0.074506,-0.047848
SEIT.L,2024-10-01,3,0,upgrade_medium,0.003252,-0.00279,0.006042,-0.022403,-0.023996,0.001593,-0.057453,-0.039342,-0.018111,-0.103162,-0.073103,-0.030059
MEGP.L,2024-10-01,3,0,upgrade_medium,0.001029,-0.00279,0.003819,-0.002058,-0.023996,0.021938,0.104197,-0.039342,0.143539,0.069916,-0.073103,0.143019
IGG.L,2024-10-01,6,0,upgrade_large,-0.002161,-0.00279,0.000629,-0.014616,-0.023996,0.00938,-0.035736,-0.039342,0.003605,0.072558,-0.073103,0.145661
MPE.L,2024-10-01,2,0,upgrade_small,-0.020744,-0.00279,-0.017954,-0.039413,-0.023996,-0.015418,-0.015339,-0.039342,0.024002,0.047918,-0.073103,0.121021
PPET.L,2024-10-01,2,0,upgrade_small,0.001881,-0.00279,0.004672,0.005625,-0.023996,0.02962,-0.020676,-0.039342,0.018666,0.037977,-0.073103,0.111079
HLN.L,2024-10-01,2,0,upgrade_small,-0.010649,-0.00279,-0.007859,-0.039244,-0.023996,-0.015248,-0.054689,-0.039342,-0.015347,-0.044556,-0.073103,0.028547
XPS.L,2024-10-01,4,0,upgrade_medium,-0.010452,-0.00279,-0.007662,0.031356,-0.023996,0.055351,0.243927,-0.039342,0.283269,0.188171,-0.073103,0.261274
BTRW.L,2024-10-01,2,0,upgrade_small,-0.011671,-0.00279,-0.008881,-0.038104,-0.023996,-0.014108,-0.02062,-0.039342,0.018722,-0.083698,-0.073103,-0.010595
ALPH.L,2024-10-01,2,0,upgrade_small,-0.004567,-0.00279,-0.001777,-0.018265,-0.023996,0.005731,-0.018265,-0.039342,0.021077,0.068491,-0.073103,0.141594
UKW.L,2024-10-01,5,-1,upgrade_large,0.004996,-0.00279,0.007787,-0.024824,-0.023996,-0.000828,-0.055992,-0.039342,-0.01665,-0.076453,-0.073103,-0.003351
BGEO.L,2024-10-01,3,0,upgrade_medium,0.016852,-0.00279,0.019642,0.04073,-0.023996,0.064725,0.147472,-0.039342,0.186813,0.323032,-0.073103,0.396135
SMT.L,2024-10-01,2,1,upgrade_small,0.008629,-0.00279,0.011419,0.017017,-0.023996,0.041012,0.046483,-0.039342,0.085824,0.146004,-0.073103,0.219107
FGP.L,2024-10-01,3,0,upgrade_medium,-0.019476,-0.00279,-0.016686,-0.041797,-0.023996,-0.017802,-0.057189,-0.039342,-0.017847,0.13327,-0.073103,0.206373
SEQI.L,2024-10-01,4,0,upgrade_medium,-0.010122,-0.00279,-0.007332,-0.017573,-0.023996,0.006422,-0.017714,-0.039342,0.021627,0.014481,-0.073103,0.087583
AGT.L,2024-10-01,3,0,upgrade_medium,0.0,-0.00279,0.00279,-0.004331,-0.023996,0.019664,-0.004331,-0.039342,0.03501,0.074302,-0.073103,0.147405
CLDN.L,2024-10-01,2,0,upgrade_small,-0.008768,-0.00279,-0.005978,-0.010244,-0.023996,0.013751,-0.035102,-0.039342,0.00424,0.029407,-0.073103,0.10251
PIN.L,2024-10-01,3,0,upgrade_medium,0.004573,-0.00279,0.007363,-0.012195,-0.023996,0.0118,-0.042683,-0.039342,-0.003341,-0.018293,-0.073103,0.05481
OCI.L,2024-10-01,2,0,upgrade_small,0.0,-0.00279,0.00279,0.0,-0.023996,0.023996,-0.03531,-0.039342,0.004032,-0.021576,-0.073103,0.051527
CMCX.L,2024-10-01,1,3,downgrade_cluster,-0.004936,-0.00279,-0.002146,0.001645,-0.023996,0.025641,0.019675,-0.039342,0.059017,-0.176831,-0.073103,-0.103728
IEM.L,2024-10-01,2,0,upgrade_small,0.001294,-0.00279,0.004084,-0.002562,-0.023996,0.021434,-0.005097,-0.039342,0.034244,-0.016586,-0.073103,0.056517
IPO.L,2024-10-01,2,0,upgrade_small,-0.021063,-0.00279,-0.018273,-0.023069,-0.023996,0.000926,-0.043129,-0.039342,-0.003788,0.081244,-0.073103,0.154346
FSG.L,2024-10-01,6,0,upgrade_large,-0.015507,-0.00279,-0.012717,-0.011631,-0.023996,0.012365,-0.083342,-0.039342,-0.044,-0.203483,-0.073103,-0.13038
CCH.L,2024-12-01,2,-3,upgrade_small,-0.002125,0.004082,-0.006207,-0.021953,0.009329,-0.031283,-0.017706,-0.033819,0.016113,0.19051,0.06414,0.126371
ADM.L,2024-12-01,2,-5,upgrade_small,0.004602,0.004082,0.000521,0.032212,0.009329,0.022883,0.025693,-0.033819,0.059512,0.167946,0.06414,0.103806
BTRW.L,2024-12-01,3,0,upgrade_medium,-0.006972,0.004082,-0.011054,0.029838,0.009329,0.020509,0.013066,-0.033819,0.046886,-0.031228,0.06414,-0.095368
TRY.L,2024-12-01,2,0,upgrade_small,0.011117,0.004082,0.007035,0.001598,0.009329,-0.007732,0.013347,-0.033819,0.047166,-0.065737,0.06414,-0.129877
FLTR.L,2025-03-01,2,0,upgrade_small,-0.052559,0.003545,-0.056104,-0.177501,-0.009817,-0.167684,-0.215307,0.000545,-0.215852,-0.160443,0.076629,-0.237072
REL.L,2025-03-01,2,0,upgrade_small,-0.001828,0.003545,-0.005373,-0.03836,-0.009817,-0.028543,0.021138,0.000545,0.020592,0.056479,0.076629,-0.020151
FRES.L,2025-03-01,2,0,upgrade_small,0.034488,0.003545,0.030943,0.112062,-0.009817,0.121879,0.263922,0.000545,0.263376,0.716453,0.076629,0.639824
BA.L,2025-03-01,0,2,downgrade_cluster,-0.026067,0.003545,-0.029612,-0.026377,-0.009817,-0.016559,-0.016136,0.000545,-0.016681,0.205377,0.076629,0.128747
RR.L,2025-03-01,2,0,upgrade_small,0.012357,0.003545,0.008812,-0.056649,-0.009817,-0.046832,0.003337,0.000545,0.002791,0.127767,0.076629,0.051137
LLOY.L,2025-03-01,2,0,upgrade_small,-0.012774,0.003545,-0.016319,-0.043693,-0.009817,-0.033876,0.003484,0.000545,0.002938,0.111772,0.076629,0.035143
IPC.L,2025-03-01,2,0,upgrade_small,-0.076233,0.003545,-0.079778,-0.132286,-0.009817,-0.122469,-0.080718,0.000545,-0.081263,-0.21225,0.076629,-0.288879
BNZL.L,2025-03-01,4,0,upgrade_medium,-0.011719,0.003545,-0.015264,-0.020183,-0.009817,-0.010366,-0.042969,0.000545,-0.043514,-0.219128,0.076629,-0.295757
SQZ.L,2025-05-01,2,0,upgrade_small,0.003119,0.019127,-0.016009,0.011001,0.006196,0.004805,0.248008,0.063578,0.18443,0.370755,0.07597,0.294786
BYG.L,2025-05-01,3,-1,upgrade_medium,0.00392,0.019127,-0.015207,-0.013721,0.006196,-0.019917,-0.038227,0.063578,-0.101805,-0.070202,0.07597,-0.146172
KGF.L,2025-05-01,0,2,downgrade_cluster,-0.01367,0.019127,-0.032797,0.016133,0.006196,0.009937,-0.015491,0.063578,-0.079068,-0.051433,0.07597,-0.127403
MNDI.L,2025-05-01,2,-1,upgrade_small,0.011042,0.019127,-0.008085,0.003531,0.006196,-0.002665,0.063182,0.063578,-0.000395,-0.082195,0.07597,-0.158165
TATE.L,2025-05-01,3,0,upgrade_medium,0.003577,0.019127,-0.01555,0.023333,0.006196,0.017137,-0.020655,0.063578,-0.084233,-0.016199,0.07597,-0.092168
HSX.L,2025-05-01,2,0,upgrade_small,0.018035,0.019127,-0.001092,0.034262,0.006196,0.028066,0.146074,0.063578,0.082496,0.143401,0.07597,0.067431
HLN.L,2025-05-01,2,0,upgrade_small,0.024954,0.019127,0.005827,0.027025,0.006196,0.020829,0.066113,0.063578,0.002535,-0.059926,0.07597,-0.135896
BNZL.L,2025-07-01,-2,2,downgrade_cluster,-0.011865,-0.006023,-0.005843,-0.022884,0.004015,-0.026899,-0.044917,-0.001004,-0.043914,-0.005935,0.053199,-0.059134
BCG.L,2025-07-01,3,0,upgrade_medium,-0.047165,-0.006023,-0.041143,-0.07007,0.004015,-0.074085,-0.035035,-0.001004,-0.034031,-0.158729,0.053199,-0.211928
PNN.L,2025-07-01,2,0,upgrade_small,-0.038422,-0.006023,-0.032399,-0.03138,0.004015,-0.035395,0.014266,-0.001004,0.015269,-0.048414,0.053199,-0.101613
DEC.L,2025-07-01,2,0,upgrade_small,-0.008463,-0.006023,-0.002441,0.000947,0.004015,-0.003068,0.071495,-0.001004,0.072499,-0.005223,0.053199,-0.058422
NWG.L,2025-07-01,2,0,upgrade_small,-0.05505,-0.006023,-0.049027,-0.007577,0.004015,-0.011592,0.05117,-0.001004,0.052174,0.05956,0.053199,0.00636
SSPG.L,2025-07-01,-1,2,downgrade_cluster,0.070196,-0.006023,0.076218,0.066743,0.004015,0.062728,-0.01611,-0.001004,-0.015107,-0.014384,0.053199,-0.067584
HSX.L,2025-07-01,2,0,upgrade_small,-0.011229,-0.006023,-0.005207,0.001601,0.004015,-0.002414,0.036113,-0.001004,0.037117,0.106755,0.053199,0.053555
INF.L,2025-07-01,2,0,upgrade_small,-0.000985,-0.006023,0.005038,0.018054,0.004015,0.014039,0.073761,-0.001004,0.074765,0.144068,0.053199,0.090869
FRES.L,2025-07-01,0,2,downgrade_cluster,-0.00962,-0.006023,-0.003597,-0.00412,0.004015,-0.008135,-0.037799,-0.001004,-0.036795,0.636809,0.053199,0.583609
BOKU.L,2025-07-01,2,0,upgrade_small,-0.02381,-0.006023,-0.017787,0.014286,0.004015,0.010271,0.12381,-0.001004,0.124813,0.066667,0.053199,0.013467
SDR.L,2025-10-01,2,0,upgrade_small,0.005829,-0.005647,0.011476,0.040806,0.004235,0.03657,0.012189,0.005882,0.006306,0.078431,0.034824,0.043608
ANTO.L,2025-10-01,1,2,downgrade_cluster,-0.00963,-0.005647,-0.003983,0.034444,0.004235,0.030209,0.042593,0.005882,0.03671,0.214444,0.034824,0.179621
3IN.L,2025-10-01,2,0,upgrade_small,0.004167,-0.005647,0.009814,-0.018087,0.004235,-0.022322,-0.008363,0.005882,-0.014245,0.060271,0.034824,0.025447
PHP.L,2025-10-01,2,0,upgrade_small,-0.009758,-0.005647,-0.004111,-0.023952,0.004235,-0.028187,0.049013,0.005882,0.043131,0.085607,0.034824,0.050783
BRBY.L,2025-10-01,2,0,upgrade_small,0.017329,-0.005647,0.022976,0.069315,0.004235,0.06508,0.081995,0.005882,0.076113,0.072697,0.034824,0.037873
AZN.L,2025-10-01,2,1,upgrade_small,0.001447,-0.005647,0.007094,0.029752,0.004235,0.025517,0.008845,0.005882,0.002963,0.108877,0.034824,0.074054
FERG.L,2025-10-01,2,0,upgrade_small,0.029976,-0.005647,0.035623,0.038969,0.004235,0.034734,0.136091,0.005882,0.130209,-0.004197,0.034824,-0.03902
RTO.L,2025-10-01,2,0,upgrade_small,0.025967,-0.005647,0.031614,0.099629,0.004235,0.095394,0.115792,0.005882,0.10991,0.185745,0.034824,0.150921
BRBY.L,2025-12-01,2,0,upgrade_small,-0.004288,0.001863,-0.006152,0.03259,0.003494,0.029096,0.088336,0.024458,0.063878,-0.06518,0.100396,-0.165576
TW.L,2025-12-01,2,0,upgrade_small,0.009881,0.001863,0.008018,-0.007905,0.003494,-0.011399,0.062253,0.024458,0.037795,0.006917,0.100396,-0.093479
WIZZ.L,2025-12-01,0,2,downgrade_cluster,-0.012017,0.001863,-0.013881,-0.055794,0.003494,-0.059288,0.095279,0.024458,0.070821,-0.054077,0.100396,-0.154473
TPK.L,2025-12-01,0,2,downgrade_cluster,-0.011041,0.001863,-0.012905,-0.043375,0.003494,-0.046869,0.002366,0.024458,-0.022092,0.003943,0.100396,-0.096453
SBRY.L,2025-12-01,3,0,upgrade_medium,0.007417,0.001863,0.005553,-0.046972,0.003494,-0.050466,0.004326,0.024458,-0.020132,0.07602,0.100396,-0.024376
PAGE.L,2025-12-01,0,2,downgrade_cluster,-0.007595,0.001863,-0.009458,-0.04135,0.003494,-0.044844,-0.006751,0.024458,-0.031209,-0.245992,0.100396,-0.346388
RS1.L,2025-12-01,2,0,upgrade_small,-0.001706,0.001863,-0.00357,0.046928,0.003494,0.043434,0.064846,0.024458,0.040388,0.133959,0.100396,0.033563
DRX.L,2025-12-01,2,0,upgrade_small,-0.011541,0.001863,-0.013405,0.05499,0.003494,0.051496,0.136456,0.024458,0.111998,0.177189,0.100396,0.076793
HSBA.L,2025-12-01,2,0,upgrade_small,0.007595,0.001863,0.005732,-0.013894,0.003494,-0.017388,0.087255,0.024458,0.062796,0.196184,0.100396,0.095788
TRST.L,2025-12-01,2,0,upgrade_small,-0.016129,0.001863,-0.017993,-0.207076,0.003494,-0.21057,-0.144641,0.024458,-0.169099,-0.228928,0.100396,-0.329324
DSCV.L,2025-12-01,2,0,upgrade_small,-0.016529,0.001863,-0.018392,-0.003306,0.003494,-0.0068,-0.008264,0.024458,-0.032723,0.009917,0.100396,-0.090479
EXPN.L,2025-12-01,2,0,upgrade_small,-0.000906,0.001863,-0.00277,-0.010873,0.003494,-0.014367,0.015705,0.024458,-0.008753,-0.189067,0.100396,-0.289463
