symbol,event_date,streak_length,category,stock_ret_1d,bench_ret_1d,abnormal_ret_1d,stock_ret_5d,bench_ret_5d,abnormal_ret_5d,stock_ret_21d,bench_ret_21d,abnormal_ret_21d,stock_ret_63d,bench_ret_63d,abnormal_ret_63d
AKAST.OL,2014-11-06,2,streak_2,0.00962,0.0008,0.00882,-0.01191,0.004264,-0.016175,-0.20568,0.02452,-0.230201,-0.171324,0.005064,-0.176388
MING.OL,2015-02-04,2,streak_2,0.031447,0.01398,0.017466,0.013572,-0.002374,0.015946,0.099636,0.012398,0.087238,0.293942,0.055394,0.238548
DNB.OL,2015-02-05,2,streak_2,0.026312,-0.015088,0.0414,0.019584,0.004943,0.014642,0.092839,0.002341,0.090498,0.200478,0.036941,0.163538
KOG.OL,2015-02-06,2,streak_2,0.007576,-0.003962,0.011538,0.048951,0.023772,0.025179,0.090326,-0.007132,0.097458,0.132867,0.078183,0.054684
NHY.OL,2015-02-11,2,streak_2,0.035013,0.021417,0.013595,0.004645,0.029878,-0.025234,-0.059664,-0.004231,-0.055434,-0.167203,0.078794,-0.245997
STB.OL,2015-02-11,2,streak_2,-0.009454,0.021417,-0.030871,0.0,0.029878,-0.029878,0.113445,-0.004231,0.117676,0.110294,0.078794,0.0315
AFG.OL,2015-02-13,2,streak_2,0.016706,0.002838,0.013868,0.011267,0.0129,-0.001633,0.0946,-0.01806,0.11266,0.173271,0.068885,0.104386
BAKKA.OL,2015-02-24,2,streak_2,0.052792,0.000759,0.052033,0.074468,-0.009866,0.084334,0.06519,-0.006324,0.071514,0.291473,0.015178,0.276295
YAR.OL,2015-04-24,2,streak_2,-0.017079,0.008451,-0.02553,None,None,None,-0.000133,-0.002486,0.002352,0.093222,-0.021626,0.114848
SRBNK.OL,2015-04-28,2,streak_2,-0.008814,-0.008391,-0.000423,0.009081,-0.01925,0.028331,0.0,0.002962,-0.002962,-0.136218,-0.023198,-0.11302
MING.OL,2015-05-08,3,streak_3,0.014744,-0.00392,0.018664,0.000259,0.014944,-0.014685,-0.003621,-0.034787,0.031166,-0.110191,-0.022293,-0.087898
SALM.OL,2015-05-20,2,streak_2,0.008233,0.005828,0.002405,0.016467,-0.013113,0.02958,0.006838,-0.030597,0.037435,0.229556,-0.057552,0.287108
DNB.OL,2015-07-10,4,streak_4,0.017292,0.000502,0.01679,0.03151,0.010289,0.021222,-0.014987,0.012296,-0.027283,-0.092993,-0.053701,-0.039292
TEL.OL,2015-07-22,2,streak_2,0.011905,-0.003255,0.01516,0.018567,-0.006259,0.024826,-0.059524,-0.050075,-0.009449,-0.06007,-0.057837,-0.002233
EQNR.OL,2015-07-28,2,streak_2,0.039346,0.002779,0.036567,0.032567,0.006822,0.025745,-0.098365,-0.065184,-0.033181,0.073375,-0.041182,0.114557
MING.OL,2015-08-12,4,streak_4,0.003972,-0.003032,0.007003,-0.01617,-0.019454,0.003284,-0.064681,-0.063416,-0.001265,-0.153191,-0.066953,-0.086238
VEI.OL,2015-08-13,2,streak_2,0.002562,0.002281,0.000281,0.010888,-0.03852,0.049408,0.06234,-0.070705,0.133044,0.135781,-0.059554,0.195335
AFG.OL,2015-08-21,4,streak_4,-0.018782,-0.026401,0.007619,0.009312,0.003502,0.00581,0.018624,-0.043642,0.062266,0.210227,0.007543,0.202684
SALM.OL,2015-08-25,3,streak_3,-0.023866,0.017042,-0.040908,-0.027843,-0.007971,-0.019872,0.04363,-0.030511,0.074141,0.134866,0.012919,0.121947
NHY.OL,2015-10-21,2,streak_2,-0.036945,0.009618,-0.046563,-0.013979,0.011488,-0.025467,0.039441,-0.000802,0.040242,-0.10684,-0.10179,-0.00505
DNB.OL,2015-10-22,5,streak_5plus,-0.005428,0.008732,-0.014161,-0.041718,-0.002646,-0.039072,0.001861,-0.017465,0.019326,-0.117556,-0.12199,0.004434
TEL.OL,2015-10-28,3,streak_3,-0.010729,-0.00449,-0.006239,-0.03102,-0.00317,-0.027851,-0.056793,-0.017961,-0.038832,-0.13656,-0.09588,-0.04068
XXL.OL,2015-10-28,2,streak_2,0.002847,-0.00449,0.007337,0.031251,-0.00317,0.034421,0.076704,-0.017961,0.094665,0.036929,-0.09588,0.132808
SALM.OL,2015-11-12,4,streak_4,-0.017463,-0.00821,-0.009253,-0.017463,0.023536,-0.040999,-0.041803,-0.023536,-0.018267,0.125409,-0.097427,0.222837
DNB.OL,2016-02-04,6,streak_5plus,0.014893,-0.014506,0.029398,-0.094094,-0.056838,-0.037255,0.008969,0.024867,-0.015897,None,None,None
NHY.OL,2016-02-17,3,streak_3,-0.008236,-0.00594,-0.002296,0.007752,-0.022572,0.030324,0.063469,0.059103,0.004366,None,None,None
SALM.OL,2016-02-19,5,streak_5plus,0.040494,0.005079,0.035415,0.057926,-0.006573,0.064499,0.150717,0.059755,0.090962,0.286908,0.051389,0.235518
XXL.OL,2016-02-19,3,streak_3,0.049718,0.005079,0.044639,0.055247,-0.006573,0.06182,0.080106,0.059755,0.020351,0.116014,0.051389,0.064625
NAS.OL,2016-04-21,2,streak_2,0.009396,-0.001918,0.011314,0.064066,0.001096,0.062969,-0.006549,-0.026857,0.020307,-0.196185,-0.034804,-0.161381
SRBNK.OL,2016-04-27,2,streak_2,0.033995,-0.004903,0.038899,0.02903,-0.030782,0.059812,0.078686,-0.002724,0.08141,0.039343,-0.029147,0.06849
STB.OL,2016-04-27,2,streak_2,0.006387,-0.004903,0.011291,-0.003992,-0.030782,0.02679,0.036327,-0.002724,0.039051,-0.05988,-0.029147,-0.030733
GJF.OL,2016-04-28,2,streak_2,-0.00153,-0.002737,0.001207,None,None,None,0.03178,-0.000548,0.032327,0.012947,-0.02409,0.037037
AKSO.OL,2016-04-28,2,streak_2,-0.030631,-0.002737,-0.027893,None,None,None,-0.062162,-0.000548,-0.061615,0.122523,-0.02409,0.146612
DNB.OL,2016-04-28,7,streak_5plus,-0.023684,-0.002737,-0.020947,None,None,None,0.020898,-0.000548,0.021445,-0.122136,-0.02409,-0.098046
BAKKA.OL,2016-05-10,2,streak_2,0.006772,-0.005306,0.012077,None,None,None,0.052006,0.016755,0.035251,0.034864,0.00754,0.027325
SCHA.OL,2016-05-11,2,streak_2,-0.042525,-0.003088,-0.039437,-0.027563,-0.005896,-0.021667,-0.096141,-0.012353,-0.083789,-0.029794,0.017125,-0.046919
SALM.OL,2016-05-11,6,streak_5plus,0.016021,-0.003088,0.019109,0.03894,-0.005896,0.044835,0.179395,-0.012353,0.191748,0.208061,0.017125,0.190936
AKER.OL,2016-05-11,2,streak_2,0.021055,-0.003088,0.024143,0.024049,-0.005896,0.029945,0.192758,-0.012353,0.205111,0.49696,0.017125,0.479835
AFG.OL,2016-05-12,2,streak_2,-0.003802,-0.010138,0.006336,0.007727,-0.009012,0.016739,0.042561,-0.025345,0.067906,0.223967,0.028443,0.195524
AUSS.OL,2016-05-12,2,streak_2,0.006995,-0.010138,0.017133,-0.020984,-0.009012,-0.011972,0.094765,-0.025345,0.12011,0.125903,0.028443,0.09746
LSG.OL,2016-05-12,2,streak_2,-0.007282,-0.010138,0.002856,-0.024272,-0.009012,-0.01526,0.01387,-0.025345,0.039215,0.00104,0.028443,-0.027402
DNB.OL,2016-07-12,8,streak_5plus,-0.01113,0.0,-0.01113,-0.001565,-0.001427,-0.000138,0.029391,0.033961,-0.00457,0.195826,0.029966,0.16586
STB.OL,2016-07-14,3,streak_3,0.024797,-0.006213,0.03101,0.006841,-0.005366,0.012206,0.034203,0.029935,0.004268,0.300983,0.000565,0.300419
GJF.OL,2016-07-15,3,streak_3,0.019082,0.001989,0.017092,0.026357,0.001421,0.024936,0.046273,0.0395,0.006773,0.126893,0.003126,0.123767
SALM.OL,2016-08-25,7,streak_5plus,-0.008218,-0.005491,-0.002726,0.009978,0.002746,0.007233,0.012979,-0.005217,0.018195,0.139568,-0.059857,0.199425
MING.OL,2016-10-24,2,streak_2,0.004082,-0.003937,0.008019,0.051895,-0.009561,0.061456,0.082216,-0.03009,0.112306,0.203207,0.055681,0.147526
NHY.OL,2016-10-25,2,streak_2,-0.009926,-0.0048,-0.005126,0.032672,-0.009599,0.042271,0.076096,-0.033315,0.10941,0.349462,0.053077,0.296385
STB.OL,2016-10-26,4,streak_4,0.008225,0.001135,0.00709,-0.061057,-0.011348,-0.049709,0.046188,-0.020426,0.066613,0.157545,0.057872,0.099673
DNB.OL,2016-10-27,9,streak_5plus,0.007587,-0.00085,0.008437,-0.004276,-0.013035,0.008758,0.034625,-0.033154,0.067779,0.157815,0.047889,0.109926
VEI.OL,2016-11-03,2,streak_2,0.008233,-0.009762,0.017995,0.008233,0.0089,-0.000667,0.045915,0.004307,0.041608,0.033407,0.062877,-0.02947
DNB.OL,2017-02-02,10,streak_5plus,0.036537,0.003759,0.032778,0.026985,0.0,0.026985,0.010866,0.013695,-0.002829,0.080955,0.115467,-0.034512
MING.OL,2017-02-07,3,streak_3,0.006782,0.00189,0.004892,0.006782,0.009449,-0.002667,0.01029,0.017549,-0.007259,0.051684,0.12203,-0.070346
SRBNK.OL,2017-02-08,2,streak_2,0.03155,0.003503,0.028047,0.10631,0.012126,0.094184,0.055327,0.024791,0.030536,0.144719,0.122608,0.02211
STB.OL,2017-02-08,5,streak_5plus,-0.011017,0.003503,-0.01452,0.029977,0.012126,0.017851,0.106585,0.024791,0.081794,0.12042,0.122608,-0.002188
BRG.OL,2017-02-10,5,streak_5plus,0.007953,0.003759,0.004194,-0.016039,0.008861,-0.024901,0.050504,0.016649,0.033855,0.07158,0.124329,-0.052749
STB.OL,2017-04-27,6,streak_5plus,0.012434,-0.001723,0.014157,0.037542,0.022397,0.015145,-0.007174,0.045533,-0.052706,0.180775,0.067192,0.113583
BRG.OL,2017-05-03,6,streak_5plus,0.010708,0.014656,-0.003947,0.042962,0.017587,0.025375,0.059089,0.053249,0.00584,0.05367,0.070347,-0.016676
GSF.OL,2017-05-12,2,streak_2,0.007445,0.005493,0.001951,0.025684,0.015763,0.009921,-0.072027,0.014808,-0.086835,0.023078,0.0246,-0.001522
DNB.OL,2017-07-12,12,streak_5plus,0.010019,0.003975,0.006044,0.026717,0.01169,0.015026,0.00334,0.00491,-0.00157,0.055938,0.058452,-0.002514
AKSO.OL,2017-07-12,2,streak_2,-0.015262,0.003975,-0.019236,0.013081,0.01169,0.001391,-0.028343,0.00491,-0.033253,0.021076,0.058452,-0.037377
STB.OL,2017-07-13,7,streak_5plus,0.005438,0.007685,-0.002247,0.036603,0.013041,0.023562,-0.003974,-0.000932,-0.003043,0.067141,0.056591,0.01055
ORK.OL,2017-07-14,2,streak_2,-0.022666,-0.001618,-0.021048,-0.04821,0.000231,-0.048441,-0.045332,-0.000462,-0.04487,-0.022666,0.047146,-0.069812
BRG.OL,2017-07-18,7,streak_5plus,0.026409,0.002084,0.024325,0.036948,0.000926,0.036021,0.013205,0.006021,0.007183,-0.031742,0.047476,-0.079218
EQNR.OL,2017-07-27,2,streak_2,0.018556,0.000923,0.017633,0.030256,0.011531,0.018725,0.018792,0.002998,0.015794,0.156246,0.033902,0.122344
NONG.OL,2017-08-09,2,streak_2,0.0125,-0.015575,0.028075,0.033631,-0.005039,0.03867,0.0125,0.010307,0.002193,0.088393,0.026798,0.061595
NANOV.OL,2017-08-23,2,streak_2,0.043992,-0.001851,0.045843,0.009192,-0.000231,0.009424,0.078135,0.037714,0.040421,-0.028234,0.033781,-0.062014
GSF.OL,2017-08-24,3,streak_3,0.0,0.008113,-0.008113,0.06133,0.009736,0.051594,0.088904,0.031989,0.056915,0.108122,0.039175,0.068947
SALM.OL,2017-08-25,2,streak_2,0.007224,-0.00046,0.007684,0.014513,0.003449,0.011064,0.002709,0.019775,-0.017066,0.10985,0.040239,0.069611
AKSO.OL,2017-10-20,3,streak_3,0.04507,-0.003554,0.048624,0.073239,-0.007774,0.081014,0.030986,-0.01355,0.044535,0.20493,0.083963,0.120967
SRBNK.OL,2017-10-25,2,streak_2,0.019873,-0.002231,0.022103,0.034022,0.006469,0.027553,-0.042448,0.009146,-0.051594,0.049285,0.097256,-0.047972
STB.OL,2017-10-25,8,streak_5plus,0.028571,-0.002231,0.030802,0.029159,0.006469,0.02269,-0.021918,0.009146,-0.031063,0.012524,0.097256,-0.084732
TEL.OL,2017-10-25,2,streak_2,0.002926,-0.002231,0.005156,0.033091,0.006469,0.026622,0.081517,0.009146,0.072372,0.075868,0.097256,-0.021389
DNB.OL,2017-10-26,13,streak_5plus,-0.000598,-0.001341,0.000743,0.008969,0.011178,-0.00221,-0.043847,0.004248,-0.048094,-0.001594,0.088755,-0.090349
EQNR.OL,2017-10-26,3,streak_3,0.011731,-0.001341,0.013073,0.034671,0.011178,0.023492,0.029119,0.004248,0.024871,0.147271,0.088755,0.058517
PROT.OL,2017-10-26,2,streak_2,0.005683,-0.001341,0.007024,0.04562,0.011178,0.034441,-0.020047,0.004248,-0.024295,0.079874,0.088755,-0.008881
NONG.OL,2017-10-27,3,streak_3,0.019717,0.006044,0.013672,0.015551,0.010745,0.004806,-0.02777,0.011865,-0.039635,0.009442,0.083054,-0.073612
DNB.OL,2018-02-01,14,streak_5plus,0.003479,-0.024747,0.028226,-0.020674,-0.079398,0.058724,-0.028824,-0.065787,0.036963,0.015605,-0.04702,0.062625
PROT.OL,2018-02-01,3,streak_3,0.012853,-0.024747,0.0376,-0.080219,-0.079398,-0.000821,-0.063082,-0.065787,0.002705,-0.224553,-0.04702,-0.177533
MING.OL,2018-02-07,2,streak_2,0.014942,-0.024262,0.039204,0.009223,0.010492,-0.001268,0.042243,0.007213,0.03503,-0.033758,0.018142,-0.0519
EQNR.OL,2018-02-07,4,streak_4,-0.025232,-0.024262,-0.000969,-0.047619,0.010492,-0.058111,-0.01413,0.007213,-0.021343,0.186531,0.018142,0.168389
SRBNK.OL,2018-02-07,3,streak_3,0.002428,-0.024262,0.02669,0.017317,0.010492,0.006825,0.062308,0.007213,0.055095,-0.03172,0.018142,-0.049862
AKSO.OL,2018-02-07,4,streak_4,0.014753,-0.024262,0.039015,-0.033355,0.010492,-0.043847,0.001283,0.007213,-0.00593,0.248236,0.018142,0.230094
STB.OL,2018-02-07,9,streak_5plus,0.012997,-0.024262,0.037259,-0.001164,0.010492,-0.011656,-0.005238,0.007213,-0.012451,0.032784,0.018142,0.014642
SCHA.OL,2018-02-08,2,streak_2,-0.008008,0.004032,-0.01204,-0.027489,0.042787,-0.070276,-0.04697,0.033602,-0.080572,None,None,None
NONG.OL,2018-02-08,4,streak_4,0.00931,0.004032,0.005278,0.047919,0.042787,0.005132,0.051205,0.033602,0.017603,None,None,None
SPOL.OL,2018-02-09,2,streak_2,0.015174,0.013164,0.00201,0.008742,0.039714,-0.030973,0.043378,0.02075,0.022628,-0.02507,0.046631,-0.071701
SB1NO.OL,2018-02-09,2,streak_2,0.016356,0.013164,0.003193,0.044197,0.039714,0.004483,0.08474,0.02075,0.06399,-0.021228,0.046631,-0.067859
NANOV.OL,2018-02-27,3,streak_3,0.007194,-0.010884,0.018078,-0.1,-0.00653,-0.09347,-0.287482,-0.021332,-0.26615,-0.161871,-0.031998,-0.129872
NHY.OL,2018-04-25,2,streak_2,0.007225,0.005631,0.001594,-0.008382,-0.003249,-0.005133,0.007514,-0.000217,0.007731,-0.054913,-0.003249,-0.051664
STB.OL,2018-04-25,10,streak_5plus,0.016017,0.005631,0.010385,0.008856,-0.003249,0.012105,-0.012625,-0.000217,-0.012408,0.010741,-0.003249,0.013989
DNB.OL,2018-04-26,15,streak_5plus,0.01079,0.000862,0.009928,0.030352,-0.004738,0.03509,0.037411,-0.014215,0.051625,0.098518,-0.015076,0.113594
BRG.OL,2018-04-26,2,streak_2,0.056262,0.000862,0.0554,0.033129,-0.004738,0.037867,0.086963,-0.014215,0.101178,-0.073397,-0.015076,-0.058321
SB1NO.OL,2018-05-04,3,streak_3,0.001243,-0.008348,0.009591,-0.001243,0.004067,-0.00531,-0.002486,-0.025685,0.023199,0.125888,-0.026755,0.152643
LSG.OL,2018-05-08,2,streak_2,-0.057137,0.006265,-0.063401,-0.089724,0.006265,-0.095989,-0.109059,-0.01361,-0.095449,0.034108,-0.015986,0.050094
NANOV.OL,2018-05-30,4,streak_4,-0.070255,-0.003313,-0.066943,-0.104745,0.015018,-0.119762,0.086679,-0.02606,0.112739,0.096715,0.004417,0.092298
NAS.OL,2018-07-12,2,streak_2,0.014784,0.001547,0.013237,-0.011089,-0.000221,-0.010868,-0.022177,-0.01989,-0.002288,-0.171252,-0.06232,-0.108932
EPR.OL,2018-07-13,2,streak_2,-0.009121,0.000883,-0.010003,-0.063844,0.003972,-0.067815,-0.063844,-0.024493,-0.039351,-0.063844,-0.075243,0.011399
STB.OL,2018-07-13,11,streak_5plus,0.008515,0.000883,0.007632,0.000378,0.003972,-0.003593,0.051845,-0.024493,0.076337,0.05771,-0.075243,0.132953
NHY.OL,2018-07-24,3,streak_3,-0.013575,0.007664,-0.021238,-0.016893,0.009196,-0.026089,-0.017798,-0.017079,-0.000719,-0.106184,-0.087366,-0.018818
SB1NO.OL,2018-08-10,4,streak_4,-0.007384,-0.003157,-0.004227,0.0,-0.00947,0.00947,0.007384,-0.007666,0.01505,-0.010549,-0.050507,0.039959
NANOV.OL,2018-08-22,5,streak_5plus,-0.026688,-0.006683,-0.020005,-0.05887,0.018267,-0.077137,-0.141287,0.014925,-0.156213,0.130298,-0.104255,0.234553
ELK.OL,2018-10-24,2,streak_2,-0.046713,0.013688,-0.060401,-0.023068,0.027128,-0.050196,0.017301,0.00672,0.010581,-0.113033,0.022399,-0.135433
NHY.OL,2018-10-24,4,streak_4,0.004887,0.013688,-0.008802,0.070506,0.027128,0.043378,0.004188,0.00672,-0.002531,-0.071902,0.022399,-0.094301
STB.OL,2018-10-24,12,streak_5plus,0.000945,0.013688,-0.012743,0.031752,0.027128,0.004624,-0.013797,0.00672,-0.020517,-0.044604,0.022399,-0.067003
NONG.OL,2018-10-25,2,streak_2,-0.016595,-0.00491,-0.011685,0.022882,0.029708,-0.006826,-0.042494,0.00933,-0.051824,-0.006035,0.013749,-0.019784
EQNR.OL,2018-10-25,2,streak_2,-0.008001,-0.00491,-0.003091,0.004191,0.029708,-0.025517,-0.059971,0.00933,-0.069301,-0.106454,0.013749,-0.120203
SRBNK.OL,2018-10-25,2,streak_2,-0.006668,-0.00491,-0.001757,0.048896,0.029708,0.019188,0.035561,0.00933,0.026231,0.009927,0.013749,-0.003822
ORK.OL,2018-10-25,2,streak_2,-0.01151,-0.00491,-0.0066,0.007541,0.029708,-0.022167,-0.001191,0.00933,-0.01052,-0.023814,0.013749,-0.037563
SCHA.OL,2018-10-26,2,streak_2,0.063303,0.000987,0.062316,0.091493,0.035776,0.055717,0.077772,0.008636,0.069137,0.08139,0.027881,0.053509
MING.OL,2018-10-26,2,streak_2,0.026277,0.000987,0.02529,0.057299,0.035776,0.021523,0.046533,0.008636,0.037897,0.027372,0.027881,-0.000508
SB1NO.OL,2018-11-02,5,streak_5plus,-0.002128,0.0,-0.002128,-0.006383,-0.001429,-0.004954,0.023404,-0.035731,0.059136,0.020213,0.000238,0.019975
NANOV.OL,2018-11-06,6,streak_5plus,0.05259,0.013552,0.039038,0.073783,-0.017356,0.091139,-0.011774,-0.058963,0.047189,-0.363498,-0.019971,-0.343526
GSF.OL,2018-11-07,2,streak_2,0.02593,-0.012198,0.038128,0.010078,-0.028149,0.038227,-0.099315,-0.079521,-0.019794,-0.056849,-0.034952,-0.021897
SALM.OL,2018-11-09,2,streak_2,-0.033259,-0.020992,-0.012266,-0.035636,-0.014074,-0.021562,-0.079206,-0.043177,-0.036029,-0.137041,-0.008111,-0.128931
NONG.OL,2019-02-06,3,streak_3,0.007453,-0.014765,0.022219,0.019627,-0.009764,0.029392,0.016646,0.00905,0.007596,0.047205,0.044534,0.002671
AKSO.OL,2019-02-08,2,streak_2,-0.028308,-0.001941,-0.026367,-0.0158,0.024503,-0.040303,-0.037525,0.036147,-0.073672,-0.089533,0.065987,-0.15552
SCHA.OL,2019-02-13,3,streak_3,-0.002772,0.0,-0.002772,0.048561,0.021405,0.027156,0.077612,0.054594,0.023018,-0.130757,0.045936,-0.176692
STB.OL,2019-02-13,13,streak_5plus,-0.003545,0.0,-0.003545,0.026197,0.021405,0.004792,0.078393,0.054594,0.023799,0.064408,0.045936,0.018473
NANOV.OL,2019-02-27,7,streak_5plus,-0.021612,0.001633,-0.023245,0.008555,0.003966,0.004588,0.010356,0.004666,0.005689,-0.070239,-0.006766,-0.063472
GJF.OL,2019-04-25,2,streak_2,0.020398,0.002023,0.018374,0.039515,-0.000899,0.040415,0.077324,-0.023606,0.10093,0.087736,0.003822,0.083914
NAS.OL,2019-04-25,2,streak_2,-0.069928,0.002023,-0.071951,-0.110442,-0.000899,-0.109543,-0.126836,-0.023606,-0.10323,0.076925,0.003822,0.073104
DNB.OL,2019-05-03,2,streak_2,-0.003849,-0.009356,0.005508,-0.027477,-0.021163,-0.006314,-0.050837,-0.036757,-0.01408,-0.013604,-0.034306,0.020702
NONG.OL,2019-05-08,4,streak_4,0.001661,-0.005928,0.007589,0.01376,-0.008436,0.022196,0.009253,0.003876,0.005377,-0.027284,-0.023712,-0.003572
AKER.OL,2019-05-10,2,streak_2,-0.021857,-0.023896,0.002039,None,None,None,-0.043688,0.009786,-0.053474,-0.176824,-0.021393,-0.155431
DNB.OL,2019-07-11,3,streak_3,-0.000875,0.000445,-0.001319,-0.037873,0.000445,-0.038318,-0.064375,-0.043594,-0.020781,-0.055716,-0.037811,-0.017905
NAS.OL,2019-07-11,3,streak_3,0.098028,0.000445,0.097583,0.116459,0.000445,0.116015,-0.024829,-0.043594,0.018765,-0.136419,-0.037811,-0.098608
GJF.OL,2019-07-12,3,streak_3,0.00061,0.001334,-0.000724,0.0,-0.005558,0.005558,-0.0495,-0.050912,0.001411,0.012585,-0.029124,0.041709
TEL.OL,2019-07-16,2,streak_2,0.003184,-0.002228,0.005412,0.015213,0.004678,0.010535,0.040156,-0.068612,0.108768,0.057049,-0.010025,0.067074
AKSO.OL,2019-07-17,4,streak_4,-0.052731,0.004242,-0.056973,-0.038606,0.006475,-0.045081,-0.195857,-0.066756,-0.129101,-0.208098,0.004912,-0.21301
SPOL.OL,2019-08-06,2,streak_2,-0.00475,0.003751,-0.008501,0.005897,0.008908,-0.003011,-0.021294,0.030474,-0.051768,0.074693,0.091889,-0.017196
MING.OL,2019-08-07,2,streak_2,0.035763,0.009108,0.026655,0.012631,-0.023587,0.036218,-0.011566,0.029426,-0.040991,0.038959,0.085474,-0.046515
NONG.OL,2019-08-07,5,streak_5plus,0.046829,0.009108,0.037721,0.01561,-0.023587,0.039197,0.070244,0.029426,0.040818,0.132927,0.085474,0.047453
SRBNK.OL,2019-08-08,2,streak_2,0.033847,-0.00486,0.038707,-0.006769,-0.032631,0.025862,-0.013008,0.020597,-0.033605,0.055216,0.075214,-0.019998
SB1NO.OL,2019-08-13,2,streak_2,-0.033742,-0.028578,-0.005164,-0.014222,-0.013708,-0.000514,-0.026492,0.037872,-0.064364,0.014919,0.08039,-0.065471
STB.OL,2019-10-23,2,streak_2,0.000947,0.002411,-0.001464,-0.001515,0.011618,-0.013133,-0.001515,0.014687,-0.016201,0.121568,0.061157,0.06041
DNB.OL,2019-10-24,4,streak_4,-0.007977,-0.000219,-0.007758,-0.011588,0.005904,-0.017492,-0.006802,0.013777,-0.020578,-0.064825,0.036737,-0.101562
NAS.OL,2019-10-24,4,streak_4,0.034806,-0.000219,0.035025,-0.009754,0.005904,-0.015658,-0.116602,0.013777,-0.130379,-0.199512,0.036737,-0.23625
NONG.OL,2019-10-25,6,streak_5plus,0.004171,0.005249,-0.001078,0.012733,0.01378,-0.001046,0.018222,0.02231,-0.004088,0.102744,0.0479,0.054844
SPOL.OL,2019-10-25,3,streak_3,0.002327,0.005249,-0.002922,0.006827,0.01378,-0.006953,0.01474,0.02231,-0.00757,0.088751,0.0479,0.040851
BAKKA.OL,2019-11-05,2,streak_2,0.039622,-0.00043,0.040052,0.056487,-0.000215,0.056703,0.05902,0.001076,0.057944,0.150083,0.04475,0.105332
AFG.OL,2019-11-08,2,streak_2,-0.005705,-0.000215,-0.00549,0.011332,0.002795,0.008537,-0.028368,0.004945,-0.033313,0.023367,0.044937,-0.02157
EPR.OL,2020-01-30,2,streak_2,0.048707,-0.015436,0.064143,0.05431,0.012933,0.041378,-0.0375,-0.07864,0.04114,0.242672,-0.196078,0.438751
ORK.OL,2020-02-06,2,streak_2,-0.028657,-0.009473,-0.019184,-0.042239,0.000412,-0.042651,-0.118955,-0.187603,0.068648,-0.045821,-0.217463,0.171642
DNB.OL,2020-02-06,5,streak_5plus,0.0,-0.009473,0.009473,0.000813,0.000412,0.000401,-0.299667,-0.187603,-0.112064,-0.335744,-0.217463,-0.118281
KOG.OL,2020-02-12,2,streak_2,-0.003536,-0.006544,0.003008,0.039958,-0.010225,0.050183,-0.199081,-0.258282,0.059202,-0.163366,-0.233742,0.070376
SBO.OL,2020-02-12,5,streak_5plus,0.04079,-0.006544,0.047334,0.100026,-0.010225,0.110251,-0.132242,-0.258282,0.12604,-0.289686,-0.233742,-0.055943
EPR.OL,2020-04-23,3,streak_3,0.03497,0.014088,0.020882,0.072545,0.044161,0.028383,0.174107,0.051206,0.122902,0.279762,0.218911,0.060851
TEL.OL,2020-04-28,2,streak_2,0.012216,0.030176,-0.017959,-0.015416,-0.013645,-0.001771,-0.026566,0.069273,-0.095839,-0.032577,0.179218,-0.211795
ORK.OL,2020-05-05,3,streak_3,-0.022434,-0.006385,-0.01605,-0.000606,0.009577,-0.010183,-0.011217,0.152966,-0.164183,0.028346,0.196329,-0.167983
MING.OL,2020-05-08,2,streak_2,-0.038318,-0.005435,-0.032883,-0.072734,-0.037267,-0.035467,0.119035,0.134834,-0.015799,0.088522,0.166667,-0.078144
KOG.OL,2020-05-08,3,streak_3,0.001182,-0.005435,0.006616,-0.09295,-0.037267,-0.055683,0.007877,0.134834,-0.126957,-0.054746,0.166667,-0.221413
ELMRA.OL,2020-05-14,2,streak_2,0.09567,0.001616,0.094055,None,None,None,0.049278,0.138395,-0.089117,0.123711,0.24098,-0.117269
EPR.OL,2020-07-10,4,streak_4,-0.0361,-0.005741,-0.03036,-0.000853,0.025718,-0.02657,-0.06083,0.036739,-0.097569,0.017055,0.050057,-0.033002
ORK.OL,2020-07-13,4,streak_4,0.007317,0.016628,-0.009311,0.028803,0.039954,-0.011151,0.04406,0.046882,-0.002822,0.093881,0.066282,0.0276
DNB.OL,2020-07-13,7,streak_5plus,0.021425,0.016628,0.004797,0.028102,0.039954,-0.011852,0.023518,0.046882,-0.023365,-0.052317,0.066282,-0.118599
ATEA.OL,2020-07-15,2,streak_2,0.05566,-0.003143,0.058803,0.046154,0.019758,0.026396,0.026892,0.0348,-0.007908,0.059537,0.026942,0.032595
KOG.OL,2020-07-15,4,streak_4,0.011387,-0.003143,0.01453,0.00976,0.019758,-0.009997,-0.02562,0.0348,-0.06042,0.06466,0.026942,0.037718
MING.OL,2020-08-11,3,streak_3,0.04289,0.021619,0.021271,0.004662,0.014339,-0.009677,0.015074,-0.001985,0.017059,0.08345,0.038165,0.045285
SB1NO.OL,2020-08-12,2,streak_2,0.003262,-0.004751,0.008012,-0.019399,-0.011661,-0.007739,0.006352,-0.014252,0.020604,0.090129,0.030879,0.05925
OLT.OL,2020-08-14,3,streak_3,-0.003133,0.008987,-0.012121,-0.021788,-0.006576,-0.015212,-0.068498,0.011179,-0.079677,-0.068498,0.04121,-0.109708
ELMRA.OL,2020-08-20,3,streak_3,0.018716,-0.007664,0.026379,0.014423,0.005036,0.009387,-0.011161,-0.028246,0.017085,-0.103022,0.061528,-0.16455
GJF.OL,2020-10-20,2,streak_2,-0.011186,-0.010795,-0.000391,-0.048907,-0.037673,-0.011234,-0.015804,0.068077,-0.083881,0.014763,0.179555,-0.164792
YAR.OL,2020-10-20,2,streak_2,-0.004972,-0.010795,0.005824,-0.028058,-0.037673,0.009616,0.1268,0.068077,0.058723,0.196965,0.179555,0.01741
ATEA.OL,2020-10-21,3,streak_3,0.016058,0.000223,0.015835,-0.037468,-0.064588,0.02712,0.011985,0.087305,-0.07532,0.203863,0.183742,0.020122
DNB.OL,2020-10-22,8,streak_5plus,0.035816,0.009352,0.026464,-0.052936,-0.061679,0.008743,0.159437,0.086395,0.073042,0.241571,0.175907,0.065664
NONG.OL,2020-10-23,2,streak_2,-0.031959,-0.023825,-0.008134,-0.028874,-0.073241,0.044367,0.124752,0.075226,0.049526,0.155389,0.169645,-0.014256
ORK.OL,2020-10-29,5,streak_5plus,-0.012296,-0.003085,-0.009211,-0.005352,0.081158,-0.08651,-0.065818,0.16018,-0.225998,-0.086214,0.231134,-0.317349
EPR.OL,2020-10-30,5,streak_5plus,0.006075,0.014282,-0.008207,0.037242,0.088312,-0.05107,0.001585,0.193287,-0.191703,-0.00766,0.247798,-0.255458
SPOL.OL,2020-10-30,2,streak_2,0.02943,0.014282,0.015147,0.041171,0.088312,-0.047141,0.108112,0.193287,-0.085175,0.222171,0.247798,-0.025627
MING.OL,2020-10-30,4,streak_4,0.04634,0.014282,0.032058,0.06468,0.088312,-0.023632,0.166039,0.193287,-0.027248,0.235631,0.247798,-0.012167
KOG.OL,2020-10-30,5,streak_5plus,0.03357,0.014282,0.019287,0.029467,0.088312,-0.058846,0.172697,0.193287,-0.020591,0.160388,0.247798,-0.08741
SB1NO.OL,2020-11-06,3,streak_3,0.072446,0.029309,0.043138,0.086352,0.055337,0.031015,0.107124,0.10608,0.001044,0.214936,0.166229,0.048706
AUSS.OL,2020-11-11,2,streak_2,-0.006539,-0.013704,0.007165,-0.010189,0.006645,-0.016833,-0.03528,0.041528,-0.076808,0.065541,0.117525,-0.051984
VEI.OL,2020-11-12,2,streak_2,-0.017319,0.015789,-0.033108,0.031302,0.027789,0.003513,0.003592,0.057263,-0.053671,0.052854,0.144,-0.091146
OLT.OL,2020-11-12,4,streak_4,-0.010092,0.015789,-0.025881,0.03004,0.027789,0.00225,0.137135,0.057263,0.079872,0.150512,0.144,0.006512
ELMRA.OL,2020-11-12,4,streak_4,0.080706,0.015789,0.064916,0.023002,0.027789,-0.004787,0.007733,0.057263,-0.04953,-0.079318,0.144,-0.223318
GJF.OL,2021-01-22,3,streak_3,-0.019221,-0.006397,-0.012824,-0.036662,-0.0365,-0.000161,-0.02309,0.008278,-0.031369,-0.018362,0.078833,-0.097195
TEL.OL,2021-02-02,2,streak_2,0.015037,0.001145,0.013892,-0.007668,0.017169,-0.024837,-0.004182,0.004197,-0.008379,0.022008,0.080313,-0.058305
EPR.OL,2021-02-04,6,streak_5plus,0.0,0.006474,-0.006474,-0.084823,0.01866,-0.103482,-0.07853,0.007997,-0.086527,0.076516,0.102056,-0.02554
AKRBP.OL,2021-02-04,2,streak_2,-0.016289,0.006474,-0.022763,-0.026275,0.01866,-0.044934,0.132231,0.007997,0.124234,0.101921,0.102056,-0.000135
YAR.OL,2021-02-09,3,streak_3,0.006504,-0.004501,0.011005,0.000238,0.00844,-0.008201,0.059352,0.024381,0.034971,0.106378,0.08102,0.025358
ATEA.OL,2021-02-09,4,streak_4,-0.025257,-0.004501,-0.020755,-0.007016,0.00844,-0.015455,0.009822,0.024381,-0.014559,0.116724,0.08102,0.035703
SVEG.OL,2021-02-10,3,streak_3,0.023338,0.007913,0.015425,0.0426,0.010173,0.032427,0.109835,0.028448,0.081388,0.192628,0.073662,0.118966
DNB.OL,2021-02-10,9,streak_5plus,0.003589,0.007913,-0.004323,0.009914,0.010173,-0.00026,0.169558,0.028448,0.141111,0.133835,0.073662,0.060172
STB.OL,2021-02-10,2,streak_2,0.027305,0.007913,0.019392,0.021099,0.010173,0.010926,0.173759,0.028448,0.145311,0.183511,0.073662,0.109848
SRBNK.OL,2021-02-11,2,streak_2,-0.00777,0.005981,-0.013752,0.001054,0.004299,-0.003245,0.141841,0.018878,0.122963,None,None,None
ORK.OL,2021-02-11,6,streak_5plus,0.000814,0.005981,-0.005167,-0.022642,0.004299,-0.026941,0.019547,0.018878,0.000669,None,None,None
KOG.OL,2021-02-11,6,streak_5plus,0.050702,0.005981,0.044721,-0.014661,0.004299,-0.01896,0.042761,0.018878,0.023883,None,None,None
SB1NO.OL,2021-02-11,4,streak_4,-0.007743,0.005981,-0.013725,0.000986,0.004299,-0.003314,0.145009,0.018878,0.126131,None,None,None
VEI.OL,2021-02-12,3,streak_3,0.023955,0.009662,0.014293,0.00549,-0.004645,0.010135,0.112289,0.014121,0.098168,0.12252,0.087328,0.035192
AFG.OL,2021-02-12,2,streak_2,-0.004392,0.009662,-0.014054,-0.008855,-0.004645,-0.004209,0.007792,0.014121,-0.006329,0.103563,0.087328,0.016235
SPOL.OL,2021-02-12,3,streak_3,0.0,0.009662,-0.009662,-0.005829,-0.004645,-0.001184,0.08402,0.014121,0.069899,0.131289,0.087328,0.043961
CRAYN.OL,2021-02-16,2,streak_2,0.015782,-0.01049,0.026272,-0.007174,-0.013802,0.006628,-0.030129,0.009569,-0.039698,None,None,None
OLT.OL,2021-02-17,5,streak_5plus,0.011834,-0.00279,0.014624,0.005952,0.004835,0.001116,-0.035502,0.007625,-0.043127,-0.043806,0.088711,-0.132517
AUSS.OL,2021-02-19,3,streak_3,0.007736,-0.002978,0.010714,0.023076,-0.022334,0.04541,0.042612,0.012656,0.029956,0.154714,0.094361,0.060353
LSG.OL,2021-02-19,2,streak_2,0.011097,-0.002978,0.014075,0.021648,-0.022334,0.043982,0.042387,0.012656,0.029731,0.132072,0.094361,0.037711
TOM.OL,2021-02-23,3,streak_3,0.043147,0.00821,0.034936,0.002391,0.000746,0.001644,0.002391,-0.001306,0.003697,None,None,None
SALM.OL,2021-02-25,2,streak_2,-0.039079,-0.011293,-0.027786,-0.018176,-0.009223,-0.008953,-0.019862,0.025974,-0.045836,0.032687,0.111801,-0.079114
GJF.OL,2021-04-22,4,streak_4,0.003138,0.009863,-0.006725,-0.010794,0.016555,-0.027349,-0.014434,0.03628,-0.050714,0.03872,0.031701,0.007019
BRG.OL,2021-04-28,2,streak_2,-0.01851,0.000173,-0.018683,-0.003273,-0.004505,0.001232,0.016308,0.026685,-0.010378,0.255446,0.030844,0.224602
ORK.OL,2021-04-29,7,streak_5plus,0.011241,-0.0149,0.026141,0.00319,0.002772,0.000418,0.038432,0.029106,0.009326,-0.046787,0.038635,-0.085422
DNB.OL,2021-04-29,10,streak_5plus,-0.023446,-0.0149,-0.008547,-0.010912,0.002772,-0.013684,0.015852,0.029106,-0.013254,-0.007594,0.038635,-0.046229
EPR.OL,2021-04-29,7,streak_5plus,-0.024281,-0.0149,-0.009381,-0.038444,0.002772,-0.041216,0.011241,0.029106,-0.017865,0.073516,0.038635,0.034881
SPOL.OL,2021-04-30,4,streak_4,0.01376,0.012839,0.000922,-0.005174,0.033415,-0.038589,0.012109,0.052585,-0.040476,0.058565,0.04942,0.009145
KOG.OL,2021-04-30,7,streak_5plus,0.033471,0.012839,0.020632,0.013131,0.033415,-0.020285,0.052781,0.052585,0.000195,0.221679,0.04942,0.172259
SVEG.OL,2021-05-06,4,streak_4,0.00227,0.015204,-0.012934,None,None,None,0.03572,0.041465,-0.005745,0.003481,0.047685,-0.044204
PEXIP.OL,2021-05-06,2,streak_2,0.061204,0.015204,0.046,None,None,None,-0.059332,0.041465,-0.100797,-0.092598,0.047685,-0.140283
SRBNK.OL,2021-05-06,3,streak_3,0.01431,0.015204,-0.000893,None,None,None,0.021466,0.041465,-0.019999,0.052797,0.047685,0.005112
SCHA.OL,2021-05-06,2,streak_2,0.008764,0.015204,-0.006439,None,None,None,0.006835,0.041465,-0.03463,0.18667,0.047685,0.138985
VEI.OL,2021-05-06,4,streak_4,-0.008395,0.015204,-0.023599,None,None,None,0.016575,0.041465,-0.02489,-0.058228,0.047685,-0.105913
SBO.OL,2021-05-26,2,streak_2,0.019903,0.003047,0.016855,-0.024768,0.007618,-0.032386,-0.049536,0.007449,-0.056984,-0.040911,0.025732,-0.066643
DNB.OL,2021-07-13,11,streak_5plus,-0.008287,0.00169,-0.009977,-0.067157,-0.029919,-0.037238,0.010376,0.028567,-0.01819,0.100231,-0.027045,0.127276
GJF.OL,2021-07-14,5,streak_5plus,0.002446,-0.0108,0.013245,-0.011273,-0.013162,0.001889,0.03382,0.026662,0.007158,-0.034059,-0.024806,-0.009253
KOG.OL,2021-07-14,8,streak_5plus,0.018872,-0.0108,0.029672,0.000868,-0.013162,0.01403,0.013883,0.026662,-0.012779,0.041649,-0.024806,0.066455
BRG.OL,2021-07-15,3,streak_3,-0.002365,-0.006653,0.004288,0.002365,-0.000682,0.003047,0.065707,0.045718,0.019989,0.016452,0.000512,0.015941
EPR.OL,2021-07-15,8,streak_5plus,-0.018201,-0.006653,-0.011548,0.0,-0.000682,0.000682,0.0,0.045718,-0.045718,-0.014064,0.000512,-0.014576
AKSO.OL,2021-07-15,2,streak_2,0.0,-0.006653,0.006653,0.025745,-0.000682,0.026428,-0.012195,0.045718,-0.057913,0.387534,0.000512,0.387022
ELK.OL,2021-07-16,2,streak_2,0.015165,-0.020264,0.035429,0.071057,0.014769,0.056288,0.117851,0.047055,0.070796,0.186308,0.018375,0.167933
NHY.OL,2021-07-23,2,streak_2,0.020977,0.003723,0.017254,0.046565,0.009816,0.03675,0.041724,0.023354,0.01837,0.167589,0.016077,0.151512
SPOL.OL,2021-08-10,5,streak_5plus,0.011365,0.006784,0.004581,0.016221,0.000662,0.015559,0.012915,-0.00364,0.016555,0.151359,0.014891,0.136468
SRBNK.OL,2021-08-11,4,streak_4,0.006643,-0.000164,0.006808,0.01077,-0.008874,0.019644,-0.045798,-0.013311,-0.032486,0.125717,0.006902,0.118815
CRAYN.OL,2021-08-11,3,streak_3,0.038854,-0.000164,0.039018,-0.015287,-0.008874,-0.006412,0.071975,-0.013311,0.085286,0.284076,0.006902,0.277174
SB1NO.OL,2021-08-12,6,streak_5plus,0.008207,0.007561,0.000646,-0.014069,-0.020217,0.006147,-0.055425,-0.007396,-0.048029,0.113089,-0.004602,0.117691
PEXIP.OL,2021-08-12,3,streak_3,-0.002178,0.007561,-0.009739,-0.042315,-0.020217,-0.022098,0.15697,-0.007396,0.164366,-0.42906,-0.004602,-0.424458
MING.OL,2021-08-12,2,streak_2,0.02061,0.007561,0.013049,0.009464,-0.020217,0.029681,-0.017455,-0.007396,-0.010059,0.157518,-0.004602,0.162121
NONG.OL,2021-08-12,2,streak_2,0.013719,0.007561,0.006158,0.0,-0.020217,0.020217,0.011432,-0.007396,0.018829,0.231423,-0.004602,0.236025
SVEG.OL,2021-08-12,5,streak_5plus,0.014516,0.007561,0.006955,-0.018915,-0.020217,0.001302,-0.010117,-0.007396,-0.002721,0.175806,-0.004602,0.180409
GJF.OL,2021-10-20,6,streak_5plus,0.006734,-0.000167,0.006901,0.010131,0.001665,0.008465,0.05118,0.01149,0.03969,0.0845,-0.01249,0.096989
ATEA.OL,2021-10-21,2,streak_2,-0.006625,0.00483,-0.011455,0.03151,0.012825,0.018685,0.062535,-0.001666,0.064201,0.031833,-0.026815,0.058649
BRG.OL,2021-10-21,4,streak_4,0.002348,0.00483,-0.002482,-0.037321,0.012825,-0.050145,0.044264,-0.001666,0.04593,-0.027978,-0.026815,-0.001162
DNB.OL,2021-10-21,12,streak_5plus,0.00189,0.00483,-0.00294,-0.012409,0.012825,-0.025234,0.014803,-0.001666,0.016469,0.023559,-0.026815,0.050375
TOM.OL,2021-10-22,2,streak_2,-0.001918,-0.003647,0.001729,0.055376,0.000497,0.054879,0.186207,-0.014586,0.200793,-0.134136,-0.046411,-0.087724
NHY.OL,2021-10-26,3,streak_3,-0.045841,-0.003149,-0.042692,-0.053744,0.006795,-0.060539,-0.05414,-0.024362,-0.029778,0.07785,-0.051044,0.128894
AKSO.OL,2021-10-27,3,streak_3,-0.039167,0.010973,-0.050139,-0.0475,0.019784,-0.067284,-0.078333,-0.04522,-0.033113,-0.0075,-0.049543,0.042043
SVEG.OL,2021-10-27,6,streak_5plus,0.018687,0.010973,0.007714,0.022824,0.019784,0.00304,0.015483,-0.04522,0.060703,0.107581,-0.049543,0.157124
ELK.OL,2021-10-27,3,streak_3,-0.068207,0.010973,-0.079179,-0.074807,0.019784,-0.094591,-0.16795,-0.04522,-0.12273,-0.121746,-0.049543,-0.072203
STB.OL,2021-10-27,2,streak_2,0.001316,0.010973,-0.009657,0.010791,0.019784,-0.008993,-0.067114,-0.04522,-0.021894,0.048427,-0.049543,0.09797
NONG.OL,2021-10-28,3,streak_3,0.017857,-0.0074,0.025257,0.060374,0.005427,0.054947,0.042092,-0.049005,0.091097,0.150085,-0.057227,0.207312
MING.OL,2021-10-29,3,streak_3,-0.011402,0.008946,-0.020349,0.044572,0.014911,0.029662,0.005277,-0.048873,0.05415,0.067848,-0.035123,0.10297
KOG.OL,2021-10-29,9,streak_5plus,-0.036766,0.008946,-0.045712,-0.024447,0.014911,-0.039357,-0.038114,-0.048873,0.01076,-0.030991,-0.035123,0.004131
SPOL.OL,2021-10-29,6,streak_5plus,0.001376,0.008946,-0.00757,0.032566,0.014911,0.017655,0.070727,-0.048873,0.119601,0.08247,-0.035123,0.117592
EPR.OL,2021-11-04,9,streak_5plus,0.022231,0.001963,0.020269,0.057516,-0.005888,0.063404,0.016521,-0.052012,0.068532,0.009178,-0.046124,0.055302
SB1NO.OL,2021-11-10,7,streak_5plus,0.009193,0.003633,0.00556,-0.001532,0.001982,-0.003514,-0.035813,-0.026915,-0.008898,0.061764,-0.029227,0.090991
ELMRA.OL,2021-11-11,2,streak_2,-0.007775,0.002468,-0.010243,-0.085227,-0.000658,-0.084569,-0.166866,-0.040638,-0.126228,-0.243122,-0.050839,-0.192283
PEXIP.OL,2021-11-11,4,streak_4,0.110676,0.002468,0.108208,0.017228,-0.000658,0.017886,-0.134691,-0.040638,-0.094052,0.019055,-0.050839,0.069894
GJF.OL,2022-01-26,7,streak_5plus,-0.005499,-0.001572,-0.003927,0.017487,0.035452,-0.017965,-0.005059,-0.013273,0.008214,-0.042618,-0.095704,0.053086
SVEG.OL,2022-02-02,7,streak_5plus,0.007361,-0.01383,0.021191,0.005461,0.004385,0.001076,-0.082037,-0.144544,0.062506,-0.063873,-0.108956,0.045083
EPR.OL,2022-02-03,10,streak_5plus,-0.025984,-0.002565,-0.023419,-0.004724,0.005473,-0.010197,-0.147835,-0.161108,0.013274,-0.146654,-0.126048,-0.020606
ATEA.OL,2022-02-08,3,streak_3,-0.020003,0.016906,-0.036909,-0.058458,-0.002049,-0.056409,-0.062683,-0.116974,0.054291,-0.216244,-0.158128,-0.058116
STB.OL,2022-02-09,3,streak_3,0.005881,-0.012762,0.018643,-0.030656,-0.015281,-0.015374,-0.13013,-0.13686,0.00673,-0.125375,-0.176658,0.051283
ELK.OL,2022-02-09,4,streak_4,0.029908,-0.012762,0.04267,0.028374,-0.015281,0.043656,-0.050997,-0.13686,0.085863,0.106979,-0.176658,0.283637
EQNR.OL,2022-02-09,2,streak_2,0.030736,-0.012762,0.043499,0.027778,-0.015281,0.043059,0.108207,-0.13686,0.245067,0.275038,-0.176658,0.451697
DNB.OL,2022-02-10,13,streak_5plus,0.004787,-0.018711,0.023497,-0.010433,-0.020071,0.009639,-0.069162,-0.110223,0.041061,-0.100276,-0.170097,0.069821
SOON.OL,2022-02-10,8,streak_5plus,-0.003115,-0.018711,0.015595,-0.009346,-0.020071,0.010726,-0.045996,-0.110223,0.064227,-0.147517,-0.170097,0.02258
MING.OL,2022-02-10,4,streak_4,0.024136,-0.018711,0.042847,-0.01884,-0.020071,0.001231,-0.025525,-0.110223,0.084698,-0.126758,-0.170097,0.043339
SB1NO.OL,2022-02-10,8,streak_5plus,0.001443,-0.018711,0.020154,-0.035895,-0.020071,-0.015823,-0.06746,-0.110223,0.042763,-0.130321,-0.170097,0.039776
KOG.OL,2022-02-11,10,streak_5plus,0.030262,-0.00988,0.040143,0.026022,-0.00728,0.033302,0.180031,-0.086497,0.266528,0.233616,-0.129659,0.363275
RING.OL,2022-02-11,7,streak_5plus,0.034652,-0.00988,0.044533,0.046488,-0.00728,0.053769,0.099713,-0.086497,0.18621,0.021774,-0.129659,0.151432
AKRBP.OL,2022-02-11,2,streak_2,-0.025158,-0.00988,-0.015278,-0.077594,-0.00728,-0.070314,-0.012599,-0.086497,0.073898,0.292017,-0.129659,0.421675
NONG.OL,2022-02-14,4,streak_4,-0.005308,0.023109,-0.028417,-0.048019,-0.012955,-0.035064,0.0,-0.041141,0.041141,-0.091594,-0.117822,0.026228
GSF.OL,2022-02-15,2,streak_2,0.067275,0.003422,0.063852,0.080687,-0.042608,0.123295,0.014378,-0.05681,0.071188,None,None,None
BOUV.OL,2022-02-17,2,streak_2,-0.029851,-0.005902,-0.023949,-0.085435,-0.019267,-0.066167,-0.014239,-0.044957,0.030718,-0.075485,-0.121507,0.046022
TOM.OL,2022-02-23,3,streak_3,-0.025357,-0.01966,-0.005696,0.000719,-0.02538,0.026098,0.090802,-0.016443,0.107245,-0.133918,-0.072565,-0.061354
ELK.OL,2022-04-27,5,streak_5plus,0.099656,0.012746,0.08691,0.056357,0.020278,0.036079,None,None,None,0.102405,-0.04635,0.148755
NOD.OL,2022-04-28,2,streak_2,0.064202,-0.012395,0.076597,0.000834,-0.025553,0.026387,-0.010561,0.014493,-0.025054,-0.066148,-0.043097,-0.023051
EPR.OL,2022-04-28,11,streak_5plus,-0.006259,-0.012395,0.006136,0.043572,-0.025553,0.069125,0.013722,0.014493,-0.000771,0.185123,-0.043097,0.22822
AKRBP.OL,2022-04-28,3,streak_3,0.013422,-0.012395,0.025817,0.058063,-0.025553,0.083616,0.158348,0.014493,0.143855,-0.006231,-0.043097,0.036866
DNB.OL,2022-04-28,14,streak_5plus,-0.008367,-0.012395,0.004028,-0.006176,-0.025553,0.019377,0.046152,0.014493,0.031659,0.023242,-0.043097,0.066339
TOM.OL,2022-04-29,4,streak_4,-0.049075,-0.003669,-0.045407,-0.08506,-0.028384,-0.056676,0.025401,0.024136,0.001265,0.204935,-0.032632,0.237567
EQNR.OL,2022-05-04,3,streak_3,-0.001352,-0.032747,0.031394,-0.016399,-0.071929,0.05553,0.050169,-0.001893,0.052062,0.066484,-0.05035,0.116834
STB.OL,2022-05-04,4,streak_4,-0.015646,-0.032747,0.0171,-0.057189,-0.071929,0.01474,-0.007823,-0.001893,-0.00593,-0.026302,-0.05035,0.024049
SVEG.OL,2022-05-05,8,streak_5plus,-0.008193,-0.015264,0.007072,-0.008193,-0.045205,0.037013,None,None,None,-0.040837,-0.027984,-0.012853
SRBNK.OL,2022-05-05,2,streak_2,-0.008538,-0.015264,0.006726,-0.017076,-0.045205,0.02813,None,None,None,-0.000767,-0.027984,0.027217
ORK.OL,2022-05-05,2,streak_2,0.014459,-0.015264,0.029724,0.008873,-0.045205,0.054078,None,None,None,0.104174,-0.027984,0.132158
NONG.OL,2022-05-06,5,streak_5plus,-0.026505,-0.030207,0.003702,-0.001104,-0.002186,0.001082,0.0,0.055644,-0.055644,-0.00635,-0.00934,0.00299
MING.OL,2022-05-06,5,streak_5plus,-0.017431,-0.030207,0.012776,-0.007888,-0.002186,-0.005702,0.009446,0.055644,-0.046198,-0.007888,-0.00934,0.001452
HPUR.OL,2022-05-10,2,streak_2,-0.010264,-0.005477,-0.004787,None,None,None,0.222141,0.0357,0.186441,0.014663,0.029615,-0.014952
CRAYN.OL,2022-05-11,2,streak_2,-0.003946,-0.004895,0.000949,0.033149,0.021415,0.011734,0.07498,0.013257,0.061723,0.205998,0.033653,0.172346
IDEX.OL,2022-05-12,2,streak_2,0.106497,0.029104,0.077392,0.197496,0.037303,0.160193,0.248798,-0.018241,0.267039,0.046492,0.044886,0.001606
NAS.OL,2022-05-13,2,streak_2,-0.047619,0.003585,-0.051204,-0.070943,0.012149,-0.083092,-0.133139,-0.057957,-0.075182,-0.100097,0.004979,-0.105076
BOUV.OL,2022-05-19,3,streak_3,0.003155,0.004149,-0.000995,None,None,None,-0.111895,-0.051966,-0.059929,0.011134,-0.029836,0.04097
MOWI.OL,2022-06-29,2,streak_2,-0.020505,-0.005825,-0.014681,0.03411,-0.016434,0.050544,-0.028847,0.043894,-0.072741,-0.390447,-0.115873,-0.274575
NOD.OL,2022-07-12,3,streak_3,-0.071474,0.00043,-0.071904,-0.018826,0.041488,-0.060313,0.063497,0.091144,-0.027646,-0.099872,-0.092218,-0.007654
DNB.OL,2022-07-12,15,streak_5plus,-0.01545,0.00043,-0.01588,-0.000589,0.041488,-0.042077,0.04144,0.091144,-0.049703,-0.061997,-0.092218,0.030222
EPR.OL,2022-07-14,12,streak_5plus,0.022632,0.019227,0.003405,0.03793,0.059428,-0.021498,0.072297,0.11383,-0.041533,0.040654,-0.090671,0.131325
AKSO.OL,2022-07-14,2,streak_2,-0.055464,0.019227,-0.07469,0.01904,0.059428,-0.040388,0.341887,0.11383,0.228057,0.496689,-0.090671,0.587359
STB.OL,2022-07-14,5,streak_5plus,-0.002403,0.019227,-0.02163,0.037549,0.059428,-0.021879,0.104836,0.11383,-0.008994,-0.054971,-0.090671,0.035699
ORK.OL,2022-07-14,3,streak_3,0.004694,0.019227,-0.014532,0.001211,0.059428,-0.058216,0.02983,0.11383,-0.084,-0.053452,-0.090671,0.037218
BRG.OL,2022-07-15,2,streak_2,-0.013188,0.006002,-0.01919,0.009603,0.034727,-0.025124,0.014405,0.081672,-0.067267,-0.254802,-0.082744,-0.172058
TEL.OL,2022-07-19,2,streak_2,-0.016725,-0.011765,-0.00496,-0.06772,-0.01032,-0.0574,-0.084855,0.032405,-0.11726,-0.208804,-0.100722,-0.108081
ELK.OL,2022-07-19,6,streak_5plus,0.004282,-0.011765,0.016047,0.027009,-0.01032,0.037329,-0.01614,0.032405,-0.048544,-0.033267,-0.100722,0.067455
AKRBP.OL,2022-07-20,4,streak_4,-0.066785,0.01274,-0.079525,-0.024965,0.025689,-0.050654,0.02979,0.039683,-0.009892,-0.079452,-0.079156,-0.000296
NHY.OL,2022-07-22,2,streak_2,0.006017,0.009737,-0.00372,0.091657,0.039569,0.052088,0.115925,-0.006215,0.12214,0.048937,-0.103791,0.152728
HPUR.OL,2022-08-09,3,streak_3,-0.014947,0.023181,-0.038127,-0.005694,0.018746,-0.02444,-0.160854,-0.071357,-0.089498,-0.243416,-0.05644,-0.186976
IDEX.OL,2022-08-11,3,streak_3,-0.008248,0.005919,-0.014167,-0.073397,-0.017758,-0.055639,-0.14448,-0.047356,-0.097124,-0.055057,-0.078335,0.023277
MING.OL,2022-08-11,6,streak_5plus,-0.00629,0.005919,-0.012209,-0.015773,-0.017758,0.001985,-0.045578,-0.047356,0.001778,-0.11796,-0.078335,-0.039625
SRBNK.OL,2022-08-11,3,streak_3,0.002454,0.005919,-0.003465,0.001699,-0.017758,0.019458,-0.047102,-0.047356,0.000254,-0.085803,-0.078335,-0.007469
NAS.OL,2022-08-25,3,streak_3,-0.029343,-0.029654,0.000311,-0.117371,-0.058896,-0.058475,-0.244131,-0.144152,-0.09998,-0.056338,0.049835,-0.106173
LINK.OL,2022-09-29,2,streak_2,-0.010021,0.001194,-0.011215,0.103078,0.03175,0.071328,0.108089,0.09883,0.009258,0.070866,0.226307,-0.155441
BRG.OL,2022-10-21,3,streak_3,0.027361,0.007041,0.02032,0.027361,0.045424,-0.018063,0.100705,0.129684,-0.028979,0.092121,0.259141,-0.16702
NHY.OL,2022-10-24,3,streak_3,0.035534,0.024583,0.010951,0.057041,0.025485,0.031556,0.164952,0.136897,0.028056,0.301103,0.2553,0.045803
AKSO.OL,2022-10-25,3,streak_3,-0.030985,0.010786,-0.04177,0.030485,0.008585,0.0219,-0.145427,0.122166,-0.267593,-0.078461,0.226722,-0.305183
ELK.OL,2022-10-26,7,streak_5plus,-0.015363,-0.008493,-0.00687,-0.006983,-0.020253,0.013269,0.008729,0.117814,-0.109085,0.012221,0.209495,-0.197274
NAS.OL,2022-10-26,4,streak_4,0.037859,-0.008493,0.046352,0.023499,-0.020253,0.043751,0.083551,0.117814,-0.034263,0.144909,0.209495,-0.064586
STB.OL,2022-10-26,6,streak_5plus,0.040813,-0.008493,0.049306,0.053765,-0.020253,0.074018,0.170633,0.117814,0.052819,0.166416,0.209495,-0.043079
PROT.OL,2022-10-27,2,streak_2,0.021283,0.010982,0.010301,0.013032,-0.022183,0.035215,-0.022876,0.109159,-0.132035,0.169979,0.212387,-0.042408
SRBNK.OL,2022-10-27,4,streak_4,-0.031605,0.010982,-0.042587,-0.011161,-0.022183,0.011022,0.108689,0.109159,-0.00047,0.066861,0.212387,-0.145526
MEDI.OL,2022-10-28,2,streak_2,-0.039861,-0.012166,-0.027695,0.025886,0.011731,0.014154,0.03784,0.099718,-0.061878,-0.123538,0.207908,-0.331446
HPUR.OL,2022-11-01,4,streak_4,0.001961,-0.018114,0.020075,0.077451,0.033173,0.044278,0.244118,0.139241,0.104877,0.380392,0.229594,0.150798
ACC.OL,2022-11-01,2,streak_2,-0.017586,-0.018114,0.000528,-0.015987,0.033173,-0.049161,-0.114309,0.139241,-0.253549,0.273394,0.229594,0.0438
EPR.OL,2022-11-03,13,streak_5plus,-0.043764,0.046047,-0.089811,-0.051841,0.110512,-0.162353,0.034936,0.161276,-0.12634,0.103118,0.239443,-0.136325
ELMRA.OL,2022-11-03,2,streak_2,0.007061,0.046047,-0.038985,0.00163,0.110512,-0.108883,-0.142857,0.161276,-0.304133,-0.365562,0.239443,-0.605005
IDEX.OL,2022-11-10,4,streak_4,0.022461,0.019822,0.002639,0.06796,0.009102,0.058858,0.301125,0.046521,0.254604,-0.17978,0.128034,-0.307814
VOLUE.OL,2022-11-11,2,streak_2,0.039539,-0.011503,0.051042,0.049423,-0.006347,0.05577,-0.065898,0.041055,-0.106953,-0.149918,0.111464,-0.261381
GSF.OL,2022-11-11,2,streak_2,-0.034945,-0.011503,-0.023442,-0.021373,-0.006347,-0.015026,0.066459,0.041055,0.025404,0.202964,0.111464,0.0915
PROT.OL,2023-02-01,3,streak_3,0.005563,0.001778,0.003785,0.032266,-0.015825,0.048091,0.039498,-0.009068,0.048566,0.150838,0.028272,0.122567
EPR.OL,2023-02-02,14,streak_5plus,0.015657,-0.00994,0.025597,0.034239,-0.015974,0.050214,0.09446,-0.012602,0.107062,0.158121,0.021122,0.136999
SVEG.OL,2023-02-02,2,streak_2,0.013343,-0.00994,0.023283,-0.006227,-0.015974,0.009747,0.036981,-0.012602,0.049583,0.037362,0.021122,0.01624
BRG.OL,2023-02-02,4,streak_4,0.02957,-0.00994,0.03951,0.027268,-0.015974,0.043242,0.004545,-0.012602,0.017147,0.057081,0.021122,0.035959
AKSO.OL,2023-02-08,4,streak_4,-0.030459,0.001626,-0.032085,-0.011246,0.011382,-0.022629,-0.053421,-0.02981,-0.023611,-0.192596,0.045528,-0.238125
SRBNK.OL,2023-02-08,5,streak_5plus,0.000844,0.001626,-0.000782,0.03338,0.011382,0.021998,0.039287,-0.02981,0.069098,0.059728,0.045528,0.0142
STB.OL,2023-02-08,7,streak_5plus,-0.027745,0.001626,-0.029371,-0.027616,0.011382,-0.038998,-0.049397,-0.02981,-0.019587,-0.054194,0.045528,-0.099723
YAR.OL,2023-02-08,2,streak_2,0.007155,0.001626,0.005529,0.011499,0.011382,0.000117,0.03166,-0.02981,0.061471,-0.091941,0.045528,-0.137469
VEI.OL,2023-02-08,2,streak_2,0.029333,0.001626,0.027707,0.031229,0.011382,0.019847,0.064243,-0.02981,0.094053,0.077069,0.045528,0.03154
EQNR.OL,2023-02-08,2,streak_2,0.002228,0.001626,0.000602,0.013781,0.011382,0.002398,-0.011841,-0.02981,0.017969,-0.035772,0.045528,-0.0813
NONG.OL,2023-02-09,2,streak_2,0.008497,-0.008117,0.016614,0.029607,0.003968,0.025639,0.014737,-0.03824,0.052977,0.086962,0.039322,0.047641
KOG.OL,2023-02-10,2,streak_2,0.049924,0.014184,0.035739,0.131466,0.017821,0.113644,0.116211,-0.012366,0.128577,0.269865,0.045099,0.224766
ACC.OL,2023-02-15,3,streak_3,-0.031867,-0.005716,-0.026151,-0.018483,-0.011433,-0.00705,-0.028681,-0.066631,0.03795,None,None,None
NAS.OL,2023-02-16,5,streak_5plus,0.013863,0.00557,0.008294,-0.021257,-0.022817,0.00156,-0.0878,-0.042939,-0.044861,None,None,None
HEX.OL,2023-02-16,2,streak_2,0.032,0.00557,0.02643,0.019429,-0.022817,0.042246,0.018857,-0.042939,0.061796,None,None,None
BOUV.OL,2023-02-17,2,streak_2,0.004594,-0.011435,0.016029,-0.036384,-0.013936,-0.022448,-0.025358,-0.030016,0.004658,0.083793,0.033589,0.050203
AUSS.OL,2023-02-21,2,streak_2,-0.040339,-0.006145,-0.034194,-0.014945,-0.01229,-0.002655,-0.021558,-0.024399,0.002841,-0.003306,0.04428,-0.047586
IDEX.OL,2023-02-22,5,streak_5plus,0.16581,0.006365,0.159445,0.238056,0.0,0.238056,0.246451,-0.018185,0.264636,0.190995,0.035461,0.155534
HAFNIO.OL,2023-03-29,2,streak_2,0.022272,0.015085,0.007187,-0.024024,0.019447,-0.043472,-0.011261,0.059796,-0.071058,-0.068569,0.032352,-0.10092
HPUR.OL,2023-04-25,5,streak_5plus,0.0,0.000869,-0.000869,0.013953,0.00226,0.011693,0.023256,-0.025561,0.048817,-0.009302,0.029734,-0.039036
KOG.OL,2023-04-27,3,streak_3,-0.003742,0.001374,-0.005115,-0.007483,-0.012021,0.004538,-0.033785,-0.029538,-0.004246,-0.056894,0.019749,-0.076644
DNB.OL,2023-04-27,2,streak_2,0.016856,0.001374,0.015482,-0.005138,-0.012021,0.006883,0.009524,-0.029538,0.039062,0.132026,0.019749,0.112277
AKRBP.OL,2023-04-27,2,streak_2,0.029087,0.001374,0.027713,-0.046513,-0.012021,-0.034491,0.01657,-0.029538,0.046108,0.119276,0.019749,0.099527
EPR.OL,2023-04-27,15,streak_5plus,0.014766,0.001374,0.013392,-0.015936,-0.012021,-0.003914,-0.051901,-0.029538,-0.022363,-0.195614,0.019749,-0.215363
BRG.OL,2023-05-03,5,streak_5plus,-0.012957,-0.005188,-0.007769,-0.001075,0.000692,-0.001767,0.028177,-0.020578,0.048755,-0.119045,-0.006052,-0.112993
AKSO.OL,2023-05-04,5,streak_5plus,0.020698,0.015123,0.005575,0.035482,0.001564,0.033918,0.098167,-0.022423,0.12059,0.325843,0.001043,0.3248
EQNR.OL,2023-05-04,3,streak_3,0.048451,0.015123,0.033329,0.0308,0.001564,0.029236,0.047158,-0.022423,0.069582,0.10448,0.001043,0.103437
TEL.OL,2023-05-04,2,streak_2,-0.003071,0.015123,-0.018194,0.000768,0.001564,-0.000797,-0.07947,-0.022423,-0.057047,-0.143008,0.001043,-0.144051
SPOL.OL,2023-05-05,2,streak_2,0.011296,0.000171,0.011125,-0.016125,-0.015925,-0.0002,0.006468,-0.03339,0.039858,0.019404,-0.004452,0.023856
HPUR.OL,2023-05-09,6,streak_5plus,0.034483,-0.00138,0.035863,0.046798,-0.011389,0.058187,0.091133,-0.018982,0.110115,-0.070936,0.000173,-0.071109
STB.OL,2023-05-10,8,streak_5plus,0.002056,-0.00432,0.006376,None,None,None,0.04085,-0.023501,0.064351,0.106511,0.005357,0.101154
NONG.OL,2023-05-11,3,streak_3,-0.009527,-0.002603,-0.006924,None,None,None,-0.036155,-0.014925,-0.02123,0.030903,0.001215,0.029688
IDEX.OL,2023-05-23,6,streak_5plus,-0.017344,-0.015806,-0.001538,-0.128925,-0.028275,-0.100649,-0.1983,-0.011416,-0.186884,-0.347772,-0.007903,-0.339869
OLT.OL,2023-05-24,2,streak_2,-0.008733,-0.002498,-0.006235,-0.014555,-0.001071,-0.013484,-0.002911,0.00571,-0.008621,-0.014555,-0.005889,-0.008666
HAFNIO.OL,2023-06-28,3,streak_3,0.018053,-0.001582,0.019635,0.056893,-0.019863,0.076756,0.048961,0.043769,0.005192,0.436543,-0.054315,0.490858
HPUR.OL,2023-06-30,7,streak_5plus,-0.002457,-0.002947,0.00049,-0.079115,-0.021321,-0.057795,0.022113,0.017681,0.004432,-0.316953,-0.057029,-0.259924
KOG.OL,2023-07-12,4,streak_4,-0.037805,0.015574,-0.053379,-0.037805,0.015232,-0.053037,-0.057767,-0.004279,-0.053489,0.010371,-0.061441,0.071812
DNB.OL,2023-07-12,3,streak_3,0.007624,0.015574,-0.00795,0.03202,0.015232,0.016788,0.077234,-0.004279,0.081513,0.103155,-0.061441,0.164596
AKSO.OL,2023-07-13,6,streak_5plus,-0.012357,-0.004719,-0.007638,0.026545,-0.004213,0.030758,0.075973,-0.027806,0.103778,-0.06087,-0.069599,0.008729
KIT.OL,2023-07-13,2,streak_2,0.021044,-0.004719,0.025763,-0.021044,-0.004213,-0.016831,0.039628,-0.027806,0.067434,-0.109866,-0.069599,-0.040267
EPR.OL,2023-07-13,16,streak_5plus,-0.020653,-0.004719,-0.015934,-0.021347,-0.004213,-0.017134,-0.028462,-0.027806,-0.000656,-0.041826,-0.069599,0.027773
ORK.OL,2023-07-14,2,streak_2,-0.019141,-0.001355,-0.017786,0.005698,0.004064,0.001635,-0.012858,-0.025059,0.012201,0.002776,-0.075855,0.078631
ATEA.OL,2023-07-18,2,streak_2,-0.021423,-0.000169,-0.021254,-0.025707,-0.003708,-0.021999,-0.031447,-0.047868,0.016421,-0.037187,-0.080061,0.042874
BRG.OL,2023-07-18,6,streak_5plus,0.0,-0.000169,0.000169,0.028934,-0.003708,0.032642,-0.007562,-0.047868,0.040306,-0.007562,-0.080061,0.072498
NHY.OL,2023-07-21,2,streak_2,-0.002937,-0.005059,0.002122,0.044057,0.001349,0.042708,-0.052868,-0.051771,-0.001097,-0.050622,-0.10489,0.054268
IDEX.OL,2023-08-10,7,streak_5plus,-0.016518,-0.008422,-0.008096,-0.028536,-0.037298,0.008762,-0.136641,-0.032314,-0.104327,-0.369368,-0.062736,-0.306632
OLT.OL,2023-08-11,3,streak_3,0.0,-0.001907,0.001907,-0.011816,-0.030855,0.019039,-0.008862,-0.030508,0.021646,-0.01477,-0.054949,0.040179
ASA.OL,2023-08-24,2,streak_2,-0.509769,0.00718,-0.516949,-0.465364,0.022438,-0.487802,-0.611012,-0.017771,-0.593242,-0.671403,0.028541,-0.699944
HAFNIO.OL,2023-09-28,4,streak_4,-0.006663,0.001473,-0.008136,-0.02234,-0.015648,-0.006692,0.088967,-0.046024,0.134991,0.068783,0.121686,-0.052903
DNB.OL,2023-10-19,4,streak_4,-0.007724,-0.009608,0.001885,-0.034728,-0.016956,-0.017772,-0.019781,0.07743,-0.097211,0.043341,0.115486,-0.072146
BRG.OL,2023-10-24,7,streak_5plus,-0.044059,-0.008888,-0.035171,-0.047807,-0.003026,-0.044781,0.056619,0.083585,-0.026967,0.027685,0.133321,-0.105636
SVEG.OL,2023-10-25,2,streak_2,-0.003887,-0.004388,0.000502,0.007885,0.012784,-0.004899,-0.034314,0.104942,-0.139256,0.090394,0.153787,-0.063393
ORK.OL,2023-10-26,3,streak_3,-0.005047,-0.006899,0.001852,0.045584,0.039479,0.006105,0.069558,0.106363,-0.036804,0.112934,0.162706,-0.049772
KOG.OL,2023-10-27,5,streak_5plus,-0.057441,0.015631,-0.073072,-0.076623,0.055384,-0.132007,-0.046374,0.114049,-0.160423,0.104448,0.171362,-0.066915
AKSO.OL,2023-10-30,7,streak_5plus,-0.035636,0.00171,-0.037346,-0.047074,0.035721,-0.082795,-0.128025,0.102033,-0.230058,-0.151342,0.144594,-0.295936
EPR.OL,2023-11-02,17,streak_5plus,0.010272,0.008296,0.001975,0.06337,0.005162,0.058208,0.130745,0.071165,0.05958,0.208391,0.104351,0.10404
IDEX.OL,2023-11-09,8,streak_5plus,-0.028566,0.004769,-0.033335,-0.109765,0.034666,-0.144431,0.124048,0.075935,0.048112,-0.192434,0.108584,-0.301018
OLT.OL,2023-11-09,4,streak_4,0.008995,0.004769,0.004226,0.014991,0.034666,-0.019675,0.035979,0.075935,-0.039957,0.201199,0.108584,0.092615
HAFNIO.OL,2023-12-29,5,streak_5plus,0.023568,-0.012625,0.036193,0.00145,-0.006067,0.007517,0.09409,-0.012297,0.106387,0.115301,0.039187,0.076114
ACC.OL,2024-01-25,2,streak_2,0.032448,0.009011,0.023438,0.053097,0.015184,0.037913,-0.26057,0.032371,-0.292941,-0.299902,0.04572,-0.345622
SCATC.OL,2024-01-26,2,streak_2,-0.053342,0.003307,-0.056649,-0.008355,-0.003638,-0.004717,-0.166452,0.024806,-0.191258,-0.048201,0.044154,-0.092355
BRG.OL,2024-01-31,8,streak_5plus,0.031239,0.00996,0.021279,-0.027859,-0.00083,-0.027029,0.035668,0.032703,0.002966,None,None,None
DNB.OL,2024-01-31,5,streak_5plus,0.00045,0.00996,-0.00951,-0.011249,-0.00083,-0.010419,0.038976,0.032703,0.006274,None,None,None
SVEG.OL,2024-02-01,3,streak_3,0.033029,-0.009698,0.042726,0.022609,-0.010684,0.033293,0.012189,0.021203,-0.009014,0.156591,0.034681,0.12191
EPR.OL,2024-02-01,18,streak_5plus,-0.015049,-0.009698,-0.005352,-0.043715,-0.010684,-0.033031,-0.041135,0.021203,-0.062338,-0.087573,0.034681,-0.122255
STB.OL,2024-02-06,2,streak_2,-0.037479,-0.003147,-0.034332,-0.034072,-0.018384,-0.015688,0.002499,0.051838,-0.04934,0.196366,0.067572,0.128794
VEI.OL,2024-02-08,2,streak_2,-0.036433,0.003323,-0.039756,-0.061338,0.00947,-0.070808,0.082327,0.050507,0.031821,None,None,None
AKSO.OL,2024-02-08,8,streak_5plus,-0.056338,0.003323,-0.059661,-0.035211,0.00947,-0.044681,-0.050379,0.050507,-0.100886,None,None,None
KOG.OL,2024-02-09,6,streak_5plus,0.043378,0.000828,0.04255,0.091727,0.007783,0.083945,0.115817,0.057294,0.058522,0.397857,0.08561,0.312247
OLT.OL,2024-02-16,5,streak_5plus,0.0,0.005094,-0.005094,0.009885,0.016595,-0.00671,0.044537,0.037792,0.006745,None,None,None
BOUV.OL,2024-02-16,2,streak_2,0.016379,0.005094,0.011285,0.02293,0.016595,0.006334,0.029481,0.037792,-0.00831,None,None,None
NAS.OL,2024-02-16,2,streak_2,0.065093,0.005094,0.059999,0.024888,0.016595,0.008293,0.001914,0.037792,-0.035877,None,None,None
NEL.OL,2024-02-28,2,streak_2,0.051282,0.000487,0.050796,-0.012821,0.01411,-0.02693,None,None,None,0.683761,0.057574,0.626187
NEL.OL,2024-04-17,3,streak_3,0.017204,-0.002276,0.01948,-0.021505,0.020647,-0.042152,0.27957,0.0808,0.19877,0.337634,0.068769,0.268865
DNB.OL,2024-04-23,6,streak_5plus,-0.004763,-0.004756,-7e-06,0.008196,-0.010621,0.018818,0.048735,0.047876,0.000859,0.14277,0.031706,0.111064
STB.OL,2024-04-24,3,streak_3,0.007622,-0.001752,0.009374,None,None,None,0.058008,0.048104,0.009904,0.021877,0.033132,-0.011255
AKSO.OL,2024-04-25,9,streak_5plus,0.085252,0.0075,0.077753,0.061244,0.004468,0.056777,0.143067,0.058082,0.084985,0.33366,0.049625,0.284035
SRBNK.OL,2024-04-25,2,streak_2,-0.003044,0.0075,-0.010544,0.025875,0.004468,0.021407,0.030441,0.058082,-0.027641,0.03653,0.049625,-0.013095
LINK.OL,2024-05-13,2,streak_2,0.012136,0.008384,0.003752,None,None,None,0.01699,0.011738,0.005252,0.007282,-0.008079,0.015361
NORCO.OL,2024-05-14,2,streak_2,0.031868,0.010884,0.020984,0.051282,0.007256,0.044026,0.162271,-0.012094,0.174365,0.116484,-0.010884,0.127368
OLT.OL,2024-05-15,6,streak_5plus,0.018283,-0.005832,0.024115,0.031959,-0.011515,0.043474,0.009165,-0.038582,0.047747,0.041124,-0.011515,0.052639
BOUV.OL,2024-05-22,3,streak_3,0.012614,-0.004539,0.017152,0.026909,-0.004085,0.030994,0.0,-0.011649,0.011649,0.003195,0.01649,-0.013295
HAFNIO.OL,2024-06-29,2,streak_2,0.022373,-0.002621,0.024994,-0.024678,0.005088,-0.029766,-0.006915,0.019272,-0.026188,-0.091525,0.061055,-0.15258
KOG.OL,2024-07-10,8,streak_5plus,0.040261,0.004848,0.035412,0.070508,0.004242,0.066265,0.040261,-0.030909,0.07117,0.105736,0.014697,0.091039
DNB.OL,2024-07-11,7,streak_5plus,0.005994,0.011912,-0.005918,0.001867,-0.008745,0.010613,-0.011988,-0.029403,0.017414,0.009237,0.013571,-0.004334
AKSO.OL,2024-07-12,10,streak_5plus,0.005021,-0.010729,0.01575,0.092314,-0.026375,0.118688,-0.026265,-0.043213,0.016948,-0.170336,-0.001341,-0.168995
AKRBP.OL,2024-07-12,2,streak_2,-0.009733,-0.010729,0.000995,-0.022046,-0.026375,0.004329,-0.031779,-0.043213,0.011434,-0.103116,-0.001341,-0.101774
STB.OL,2024-07-12,4,streak_4,-0.00094,-0.010729,0.009789,-0.011748,-0.026375,0.014626,-0.043327,-0.043213,-0.000114,0.077632,-0.001341,0.078973
ORK.OL,2024-07-15,2,streak_2,-0.012737,0.003766,-0.016502,0.01395,-0.001958,0.015908,0.006186,-0.019883,0.026069,0.144226,0.015816,0.12841
TEL.OL,2024-07-18,2,streak_2,0.028436,-0.006085,0.034521,0.05197,-0.013386,0.065356,0.042164,0.010952,0.031212,0.11125,0.015364,0.095886
EQNR.OL,2024-07-24,2,streak_2,-0.0125,-0.00338,-0.00912,0.006922,0.015827,-0.008904,-0.001226,0.032422,-0.033648,-0.041297,0.019668,-0.060966
SVEG.OL,2024-08-13,5,streak_5plus,0.0132,0.005533,0.007668,0.002656,0.029968,-0.027312,-0.072327,0.028738,-0.101065,0.009841,-0.011065,0.020906
VEI.OL,2024-08-15,4,streak_4,-0.017913,0.005446,-0.023359,-0.022821,0.01649,-0.039311,-0.017913,0.026475,-0.044388,0.078023,-0.051589,0.129611
NORCO.OL,2024-08-23,3,streak_3,0.001507,-0.003073,0.00458,0.027728,0.002195,0.025533,-0.001507,0.001463,-0.00297,0.172996,-0.085455,0.258451
BOUV.OL,2024-08-27,4,streak_4,0.036238,-0.004239,0.040476,0.060557,-0.020316,0.080873,0.056048,0.014616,0.041432,0.096795,-0.078047,0.174842
HAFNIO.OL,2024-09-29,3,streak_3,0.009403,-0.011043,0.020446,0.04403,-0.025865,0.069894,-0.135075,-0.040976,-0.094098,-0.13403,-0.097355,-0.036674
DNB.OL,2024-10-22,8,streak_5plus,-0.021143,-0.006329,-0.014814,-0.026643,-0.005425,-0.021218,-0.033811,-0.056359,0.022548,0.0165,-0.00859,0.025089
STB.OL,2024-10-23,5,streak_5plus,0.011949,0.004701,0.007248,0.007966,-0.007128,0.015094,-0.020662,-0.052169,0.031506,0.04705,0.003336,0.043714
EQNR.OL,2024-10-24,3,streak_3,0.028749,-0.004679,0.033429,-0.038777,-0.018415,-0.020362,0.021228,-0.053132,0.07436,-0.004448,-0.005585,0.001137
YAR.OL,2024-10-25,2,streak_2,-0.015906,0.009402,-0.025308,-0.017965,-0.010919,-0.007046,-0.06595,-0.043373,-0.022578,-0.002059,0.000152,-0.002211
BONHR.OL,2024-10-25,2,streak_2,-0.005348,0.009402,-0.01475,0.021501,-0.010919,0.03242,-0.06631,-0.043373,-0.022937,-0.134391,0.000152,-0.134542
ORK.OL,2024-10-29,3,streak_3,-0.001901,-0.00803,0.006129,-0.011617,-0.004242,-0.007374,-0.016475,-0.04197,0.025495,0.020382,0.001212,0.01917
SVEG.OL,2024-10-30,6,streak_5plus,-0.010024,-0.006721,-0.003303,0.006605,-0.017718,0.024323,-0.033724,-0.024133,-0.009591,0.055327,-0.005499,0.060825
NONG.OL,2024-10-30,2,streak_2,-0.002537,-0.006721,0.004184,-0.016128,-0.017718,0.00159,0.000815,-0.024133,0.024949,0.107457,-0.005499,0.112955
TEL.OL,2024-10-30,3,streak_3,-0.017444,-0.006721,-0.010723,-0.033421,-0.017718,-0.015703,-0.054492,-0.024133,-0.030359,0.005094,-0.005499,0.010593
AKSO.OL,2024-10-31,11,streak_5plus,-0.08137,0.002922,-0.084291,-0.07732,0.004767,-0.082087,0.068115,-0.017377,0.085491,0.079897,0.01384,0.066057
NORCO.OL,2024-11-07,4,streak_4,-0.002672,-0.015458,0.012786,0.0,-0.037802,0.037802,0.082287,-0.006428,0.088715,0.102859,0.031068,0.07179
VEI.OL,2024-11-07,5,streak_5plus,0.026277,-0.015458,0.041735,0.032417,-0.037802,0.070219,0.084971,-0.006428,0.091398,0.123608,0.031068,0.09254
AFK.OL,2024-11-08,2,streak_2,-0.020955,0.000311,-0.021266,-0.002328,-0.025494,0.023165,-0.143603,0.001244,-0.144847,-0.189478,0.054718,-0.244196
BOUV.OL,2024-11-12,5,streak_5plus,0.011105,-0.005552,0.016657,0.037903,-0.004759,0.042662,0.057744,0.018242,0.039501,0.125407,0.090102,0.035306
AUSS.OL,2024-11-14,2,streak_2,0.031261,-0.002863,0.034124,0.063994,-0.005885,0.069879,0.050289,0.01861,0.031679,0.157096,0.086687,0.070409
PROT.OL,2025-01-30,2,streak_2,0.0,-0.007659,0.007659,-0.031758,0.005857,-0.037615,-0.014929,0.045803,-0.060731,None,None,None
SCHB.OL,2025-02-05,2,streak_2,0.006677,0.005555,0.001123,-0.04421,0.018616,-0.062826,-0.158089,0.077916,-0.236005,0.015153,0.090077,-0.074923
SCHA.OL,2025-02-05,2,streak_2,0.009276,0.005555,0.003722,-0.05102,0.018616,-0.069635,-0.159418,0.077916,-0.237334,0.027829,0.090077,-0.062248
DNB.OL,2025-02-05,9,streak_5plus,0.002062,0.005555,-0.003493,-0.023868,0.018616,-0.042484,0.092181,0.077916,0.014265,0.191207,0.090077,0.101131
TEL.OL,2025-02-06,4,streak_4,-0.006411,-0.009854,0.003442,-0.008523,0.024037,-0.03256,0.045482,0.045088,0.000394,0.099487,0.080024,0.019463
AFG.OL,2025-02-10,2,streak_2,0.010071,0.008382,0.001689,0.081561,0.035773,0.045788,-0.110382,0.048795,-0.159177,-0.020076,0.092351,-0.112427
SATS.OL,2025-02-11,8,streak_5plus,0.047893,0.007125,0.040769,0.101188,0.014101,0.087087,0.131077,0.031468,0.099609,0.217861,0.087725,0.130136
MING.OL,2025-02-12,2,streak_2,0.004342,0.010906,-0.006564,-0.001428,0.013117,-0.014545,0.041102,0.045394,-0.004293,0.127885,0.077524,0.050361
STB.OL,2025-02-12,6,streak_5plus,-0.006446,0.010906,-0.017352,-0.024108,0.013117,-0.037226,0.045036,0.045394,-0.000358,0.09409,0.077524,0.016566
RING.OL,2025-02-12,3,streak_3,0.0,0.010906,-0.010906,0.05357,0.013117,0.040453,0.060025,0.045394,0.014631,0.095679,0.077524,0.018156
NONG.OL,2025-02-13,3,streak_3,-0.005769,0.001895,-0.007664,0.007994,-0.001895,0.009889,0.064529,0.044905,0.019625,0.220702,0.076542,0.14416
AFK.OL,2025-02-14,3,streak_3,0.022927,0.006985,0.015942,-0.015233,-0.003783,-0.01145,-0.07178,0.047002,-0.118783,-0.007617,0.076979,-0.084596
NORCO.OL,2025-02-18,5,streak_5plus,0.01802,-0.012717,0.030737,-0.03487,0.000434,-0.035304,0.014744,0.039306,-0.024563,0.075357,0.083381,-0.008025
AUSS.OL,2025-02-28,3,streak_3,-0.02244,0.013388,-0.035828,-0.054198,0.04482,-0.099017,-0.083651,0.00422,-0.087871,-0.071328,0.097934,-0.169262
LSG.OL,2025-02-28,2,streak_2,-0.016107,0.013388,-0.029494,-0.050905,0.04482,-0.095724,-0.073176,0.00422,-0.077396,-0.113939,0.097934,-0.211873
PROT.OL,2025-04-24,3,streak_3,0.034046,0.004094,0.029952,None,None,None,0.158555,0.056756,0.101799,0.484711,0.110546,0.374165
TEL.OL,2025-05-06,5,streak_5plus,0.003241,-0.002884,0.006124,-0.047664,0.006317,-0.053981,0.022752,0.045317,-0.022565,0.066095,0.04875,0.017345
DNB.OL,2025-05-07,10,streak_5plus,-0.025046,-0.003719,-0.021328,-0.017311,0.006886,-0.024197,0.021363,0.051095,-0.029732,-0.021731,0.062939,-0.08467
STB.OL,2025-05-07,7,streak_5plus,-0.001587,-0.003719,0.002131,0.037302,0.006886,0.030415,0.066667,0.051095,0.015572,0.196825,0.062939,0.133886
LSG.OL,2025-05-13,3,streak_3,0.02337,-0.00232,0.02569,0.051648,0.029749,0.021899,0.053985,0.051856,0.002129,0.13204,0.069596,0.062444
MOWI.OL,2025-05-14,2,streak_2,0.013736,0.009985,0.003751,0.030121,0.026809,0.003312,0.004813,0.038298,-0.033486,0.069922,0.074135,-0.004213
NONG.OL,2025-05-16,4,streak_4,-0.028308,0.012971,-0.041279,-0.017893,0.01135,-0.029243,-0.021632,0.014458,-0.036089,-0.039391,0.061884,-0.101275
GSF.OL,2025-05-27,2,streak_2,-0.028571,-0.009638,-0.018933,-0.038571,-0.002641,-0.035931,0.045714,0.008846,0.036868,-0.011429,0.038685,-0.050114
PROT.OL,2025-07-10,4,streak_4,0.08836,-0.011214,0.099574,0.129382,-0.017969,0.147351,0.064473,-0.013253,0.077727,0.03743,0.031732,0.005698
STB.OL,2025-07-11,8,streak_5plus,-0.006152,-0.000516,-0.005636,0.008886,-0.007991,0.016877,0.029392,-0.007217,0.036609,0.067669,0.03235,0.03532
NONG.OL,2025-07-11,5,streak_5plus,0.016116,-0.000516,0.016632,-0.003996,-0.007991,0.003995,-0.054475,-0.007217,-0.047258,-0.066729,0.03235,-0.099078
ORK.OL,2025-07-14,2,streak_2,0.003714,-0.011605,0.015319,0.003714,-0.002837,0.006551,0.030641,0.003482,0.027159,-0.032498,0.021019,-0.053516
BRG.OL,2025-07-16,2,streak_2,0.006186,0.000909,0.005276,0.013402,0.030783,-0.017381,0.056701,0.020003,0.036698,-0.012371,0.039616,-0.051987
TEL.OL,2025-07-18,6,streak_5plus,-0.017235,0.004677,-0.021912,-0.02702,0.021957,-0.048977,0.020265,0.021047,-0.000782,0.049242,0.0495,-0.000257
PARB.OL,2025-07-18,2,streak_2,0.030647,0.004677,0.02597,0.07378,0.021957,0.051823,0.037457,0.021047,0.01641,0.053348,0.0495,0.003849
YAR.OL,2025-07-18,2,streak_2,-0.004969,0.004677,-0.009646,0.014906,0.021957,-0.007051,-0.012814,0.021047,-0.033861,0.000523,0.0495,-0.048977
SPOL.OL,2025-08-07,2,streak_2,-0.033609,0.003239,-0.036848,-0.031127,0.017492,-0.048619,-0.046949,0.022545,-0.069494,-0.092037,0.036149,-0.128186
SB1NO.OL,2025-08-07,2,streak_2,-0.016779,0.003239,-0.020018,0.006711,0.017492,-0.01078,-0.027964,0.022545,-0.050509,-0.021253,0.036149,-0.057402
MOWI.OL,2025-08-19,3,streak_3,0.002932,0.00546,-0.002527,0.007853,-0.001143,0.008996,0.070328,0.009396,0.060932,0.093439,0.016633,0.076807
LSG.OL,2025-08-20,4,streak_4,-0.003251,-0.006061,0.002811,-0.01219,-0.009345,-0.002846,0.026006,-0.000758,0.026763,-0.088176,0.001263,-0.089438
STB.OL,2025-10-22,9,streak_5plus,0.005678,0.005824,-0.000146,0.005047,0.004213,0.000834,-0.007571,-0.034696,0.027125,0.064353,0.0772,-0.012846
BRG.OL,2025-10-22,3,streak_3,-0.008448,0.005824,-0.014272,-0.007392,0.004213,-0.011605,-0.014784,-0.034696,0.019913,0.040127,0.0772,-0.037073
NHY.OL,2025-10-22,2,streak_2,0.009399,0.005824,0.003575,-0.019368,0.004213,-0.023581,0.009969,-0.034696,0.044665,0.224153,0.0772,0.146953
SPOL.OL,2025-10-29,3,streak_3,-0.009933,-0.004689,-0.005244,-0.041589,-0.013203,-0.028386,0.003056,0.006046,-0.00299,0.069097,0.079714,-0.010616
MING.OL,2025-10-29,2,streak_2,-0.015747,-0.004689,-0.011058,-0.017103,-0.013203,-0.0039,-0.001564,0.006046,-0.007611,0.009699,0.079714,-0.070015
NONG.OL,2025-10-29,6,streak_5plus,-0.001847,-0.004689,0.002842,-0.018184,-0.013203,-0.004981,0.011649,0.006046,0.005603,0.043046,0.079714,-0.036668
PARB.OL,2025-10-30,3,streak_3,-0.002328,-0.004463,0.002135,-0.029104,-0.013266,-0.015838,-0.005821,0.005703,-0.011524,-0.052387,0.093479,-0.145865
SB1NO.OL,2025-10-30,3,streak_3,-0.009101,-0.004463,-0.004638,-0.006826,-0.013266,0.00644,0.025028,0.005703,0.019325,0.118316,0.093479,0.024837
RING.OL,2025-10-31,2,streak_2,0.0,-0.001619,0.001619,-0.023196,-0.003985,-0.019211,0.011598,0.014819,-0.003221,0.090206,0.094271,-0.004065
VEI.OL,2025-11-06,2,streak_2,-0.011111,0.0049,-0.016011,-0.004938,0.02626,-0.031198,0.051852,0.028144,0.023708,0.112346,0.124136,-0.011791
LSG.OL,2025-11-12,5,streak_5plus,-0.006479,-0.007172,0.000692,-0.013391,-0.03999,0.026599,0.01987,0.005105,0.014765,0.053132,0.078157,-0.025026
AFG.OL,2025-11-14,2,streak_2,0.011147,-0.012213,0.02336,0.008872,-0.024303,0.033175,0.047543,0.02455,0.022994,0.063467,0.104491,-0.041024
ORK.OL,2025-11-14,3,streak_3,-0.00747,-0.012213,0.004744,-0.009337,-0.024303,0.014966,0.040149,0.02455,0.0156,0.178338,0.104491,0.073847
