symbol,event_date,t0_date,category,reason,p0,ret_T1,bench_T1,car_T1,ret_T5,bench_T5,car_T5,ret_T21,bench_T21,car_T21,ret_T63,bench_T63,car_T63
VRSN,2000-06-09,2000-06-09,addition,Annual Re-ranking,164.97,-11.7658,-2.7389,-9.0269,-16.0453,0.6563,-16.7017,-15.3058,-0.3913,-14.9145,-12.3113,1.401,-13.7123
JNPR,2000-09-07,2000-09-07,addition,Annual Re-ranking,164.4,-8.0292,-3.4375,-4.5917,-7.4453,-4.9639,-2.4813,-11.691,-15.5288,3.8378,-34.708,-30.7933,-3.9148
BIIB,2000-12-18,2000-12-18,addition,Annual Re-ranking,75.083336,-11.0433,-7.6199,-3.4234,-10.1554,-4.8893,-5.2661,-24.23,3.5978,-27.8278,-43.9789,-36.9557,-7.0232
DLTR,2000-12-18,2000-12-18,removal,Annual Re-ranking,12.125,-43.8144,-7.6199,-36.1945,-31.0997,-4.8893,-26.2104,-28.866,3.5978,-32.4638,-56.5292,-36.9557,-19.5735
FLEX,2000-12-18,2000-12-18,addition,Annual Re-ranking,28.88,-2.8393,-7.6199,4.7806,-9.5222,-4.8893,-4.6329,31.5789,3.5978,27.9812,-39.8199,-36.9557,-2.8642
SNPS,2000-12-18,2000-12-18,removal,Annual Re-ranking,22.375,-2.514,-7.6199,5.106,5.1676,-4.8893,10.0569,18.8547,3.5978,15.257,1.8156,-36.9557,38.7714
MLKN,2000-12-18,2000-12-18,removal,Annual Re-ranking,15.22,-0.8541,-7.6199,6.7658,20.0394,-4.8893,24.9287,16.5572,3.5978,12.9594,6.1104,-36.9557,43.0661
CHKP,2000-12-18,2000-12-18,addition,Annual Re-ranking,98.541664,-12.5159,-7.6199,-4.8959,-4.8203,-4.8893,0.069,1.3531,3.5978,-2.2447,-45.8985,-36.9557,-8.9428
NVDA,2001-05-31,2001-05-31,addition,Annual Re-ranking,0.32708,5.5369,2.9567,2.5802,16.0236,8.8701,7.1535,8.3405,2.1647,6.1757,-1.5531,-16.0243,14.4712
GILD,2001-10-05,2001-10-05,addition,Annual Re-ranking,2.49,0.0,0.3347,-0.3347,9.2369,8.8137,0.4233,14.8594,15.7679,-0.9085,8.0321,29.788,-21.7559
XOXO,2001-12-17,2001-12-17,removal,Annual Re-ranking,0.55,-9.0909,1.1288,-10.2197,-9.0909,-3.6179,-5.473,None,None,None,None,None,None
ESRX,2001-12-24,2001-12-24,addition,Annual Re-ranking,4.952641,0.169,0.9309,-0.7619,-2.0495,2.012,-4.0615,-3.4651,-1.2613,-2.2038,23.102,-9.4595,32.5615
STCN,2001-12-24,2001-12-24,removal,Annual Re-ranking,144.35,0.6373,0.9309,-0.2936,-1.2678,2.012,-3.2798,11.4721,-1.2613,12.7334,-12.7329,-9.4595,-3.2735
SNPS,2001-12-24,2001-12-24,addition,Annual Re-ranking,29.004999,1.1722,0.9309,0.2413,1.4653,2.012,-0.5467,-7.1367,-1.2613,-5.8754,-8.0848,-9.4595,1.3746
PTC,2001-12-24,2001-12-24,removal,Annual Re-ranking,18.25,-0.274,0.9309,-1.2049,6.9589,2.012,4.9469,-5.2055,-1.2613,-3.9442,-16.6027,-9.4595,-7.1433
DLTR,2002-06-03,2002-06-03,addition,Annual Re-ranking,13.086667,-0.6623,1.304,-1.9662,0.8406,-2.5265,3.367,-7.1065,-17.3594,10.2529,-37.3153,-18.9487,-18.3667
TEVA,2002-11-07,2002-11-07,addition,Annual Re-ranking,14.117177,0.0135,-1.8493,1.8628,1.1672,2.1729,-1.0057,4.7774,-1.2483,6.0257,-1.4838,-5.9639,4.4801
CMCSA,2002-11-19,2002-11-19,addition,Annual Re-ranking,5.73,-4.1885,4.2357,-8.4242,-3.4904,5.4788,-8.9692,-4.712,-2.302,-2.41,7.1553,-1.8877,9.043
PDCO,2002-12-16,2002-12-16,addition,Annual Re-ranking,13.79,0.5076,0.3198,0.1878,6.0189,-0.6852,6.7041,2.9007,2.2841,0.6165,7.3241,3.2892,4.035
EXPD,2002-12-23,2002-12-23,addition,Annual Re-ranking,13.32,-1.3514,-1.242,-0.1094,-4.5045,-5.0598,0.5553,-12.5375,-3.3119,-9.2257,8.7838,3.4499,5.3339
PTEN,2002-12-23,2002-12-23,addition,Annual Re-ranking,11.36,-0.8803,-1.242,0.3617,-7.4824,-5.0598,-2.4226,-11.6197,-3.3119,-8.3079,-2.2007,3.4499,-5.6506
ROST,2002-12-23,2002-12-23,addition,Annual Re-ranking,4.16,-0.4808,-1.242,0.7612,2.1635,-5.0598,7.2233,0.7212,-3.3119,4.033,-9.1346,3.4499,-12.5845
HSIC,2002-12-23,2002-12-23,addition,Annual Re-ranking,8.986275,-0.1527,-1.242,1.0892,-1.8111,-5.0598,3.2487,-11.8263,-3.3119,-8.5145,-1.8983,3.4499,-5.3482
RYAAY,2002-12-23,2002-12-23,addition,Annual Re-ranking,6.6,0.4545,-1.242,1.6965,-1.6667,-5.0598,3.3931,-9.697,-3.3119,-6.3851,8.3333,3.4499,4.8835
XRAY,2002-12-23,2002-12-23,addition,Annual Re-ranking,15.73,-0.3814,-1.242,0.8605,-3.2422,-5.0598,1.8176,-11.1888,-3.3119,-7.8769,-7.6923,3.4499,-11.1422
LAMR,2002-12-23,2002-12-23,addition,Annual Re-ranking,18.8,-0.3191,-1.242,0.9228,-2.3404,-5.0598,2.7194,0.8511,-3.3119,4.1629,-12.5,3.4499,-15.9499
CHRW,2002-12-23,2002-12-23,addition,Annual Re-ranking,10.12,-1.2846,-1.242,-0.0426,-2.2727,-5.0598,2.7871,-11.6601,-3.3119,-8.3482,7.2134,3.4499,3.7636
FAST,2002-12-23,2002-12-23,addition,Annual Re-ranking,1.53,-1.3072,-1.242,-0.0652,-3.9216,-5.0598,1.1382,-13.7255,-3.3119,-10.4136,-23.5294,3.4499,-26.9793
GNTX,2002-12-23,2002-12-23,addition,Annual Re-ranking,5.18,-0.9653,-1.242,0.2767,-2.8958,-5.0598,2.164,-9.0734,-3.3119,-5.7615,-18.7259,3.4499,-22.1757
LRCX,2003-12-22,2003-12-22,addition,Annual Re-ranking,2.69,1.8587,0.7636,1.0951,4.461,2.822,1.6389,-7.4349,6.9057,-14.3407,-23.4201,-3.1873,-20.2328
GRMN,2003-12-22,2003-12-22,addition,Annual Re-ranking,14.38,1.669,0.7636,0.9054,0.904,2.822,-1.918,1.1127,6.9057,-5.7931,-21.7663,-3.1873,-18.5791
CIEN,2003-12-22,2003-12-22,removal,Annual Re-ranking,42.279999,0.9934,0.7636,0.2298,0.9934,2.822,-1.8287,21.6887,6.9057,14.783,-21.3576,-3.1873,-18.1704
ERIC,2003-12-22,2003-12-22,removal,Annual Re-ranking,4.57,2.407,0.7636,1.6434,5.2516,2.822,2.4296,31.0722,6.9057,24.1665,53.3917,-3.1873,56.5789
BB,2003-12-22,2003-12-22,addition,Annual Re-ranking,7.68,51.0417,0.7636,50.2781,46.7448,2.822,43.9227,84.7656,6.9057,77.8599,86.7188,-3.1873,89.906
LVLT,2003-12-22,2003-12-22,addition,Annual Re-ranking,5.45,1.8349,0.7636,1.0713,3.3028,2.822,0.4807,18.8991,6.9057,11.9934,-30.4587,-3.1873,-27.2715
MRVL,2003-12-22,2003-12-22,addition,Annual Re-ranking,7.81,2.0487,0.7636,1.285,2.5608,2.822,-0.2612,14.3406,6.9057,7.4349,8.9629,-3.1873,12.1501
PRDO,2003-12-22,2003-12-22,addition,Annual Re-ranking,34.96,2.7174,0.7636,1.9538,8.381,2.822,5.559,37.9291,6.9057,31.0234,37.2998,-3.1873,40.487
BRCD,2003-12-22,2003-12-22,removal,Annual Re-ranking,5.73,-0.8726,0.7636,-1.6362,0.349,2.822,-2.473,15.3578,6.9057,8.4521,20.4188,-3.1873,23.6061
RYAAY,2004-12-20,2004-12-20,removal,Annual Re-ranking,6.63,1.0558,1.253,-0.1972,1.81,1.969,-0.159,4.8265,-4.7136,9.5401,7.994,-7.8162,15.8102
ADSK,2004-12-20,2004-12-20,addition,Annual Re-ranking,35.972317,6.1241,1.253,4.8712,7.1661,1.969,5.1971,-12.1444,-4.7136,-7.4308,-19.6326,-7.8162,-11.8164
GNTX,2004-12-20,2004-12-20,removal,Annual Re-ranking,5.56,-0.3597,1.253,-1.6127,7.1942,1.969,5.2253,-2.8777,-4.7136,1.8359,-4.8561,-7.8162,2.9601
WYNN,2004-12-20,2004-12-20,addition,Annual Re-ranking,36.82,-2.6073,1.253,-3.8603,-0.3531,1.969,-2.322,-5.459,-4.7136,-0.7454,1.8197,-7.8162,9.6359
PTEN,2004-12-20,2004-12-20,removal,Annual Re-ranking,13.71,1.8235,1.253,0.5705,-1.0212,1.969,-2.9901,-3.4282,-4.7136,1.2854,32.3851,-7.8162,40.2013
ERIC,2004-12-20,2004-12-20,addition,Annual Re-ranking,8.73,0.2291,1.253,-1.0239,0.2291,1.969,-1.7399,-9.622,-4.7136,-4.9084,-11.2257,-7.8162,-3.4094
LBTYA,2004-12-20,2004-12-20,addition,Annual Re-ranking,5.09,0.0,1.253,-1.253,0.5894,1.969,-1.3796,-4.5187,-4.7136,0.1949,-1.1788,-7.8162,6.6374
SIRI,2004-12-20,2004-12-20,addition,Annual Re-ranking,64.34,-1.3833,1.253,-2.6363,-2.0205,1.969,-3.9895,-30.4942,-4.7136,-25.7806,-33.7582,-7.8162,-25.9419
NVDA,2004-12-20,2004-12-20,removal,Annual Re-ranking,0.17429,0.7459,1.253,-0.5071,-0.2639,1.969,-2.2329,-6.1794,-4.7136,-1.4658,7.631,-7.8162,15.4472
HSIC,2004-12-20,2004-12-20,removal,Annual Re-ranking,13.537255,-0.4925,1.253,-1.7455,-1.0718,1.969,-3.0408,1.2457,-4.7136,5.9593,2.4912,-7.8162,10.3075
CTSH,2004-12-29,2004-12-29,addition,Annual Re-ranking,9.36,0.5342,-0.0876,0.6218,-2.8846,-3.7102,0.8256,-12.8205,-7.7417,-5.0788,9.4017,-8.6182,18.0199
CELG,2005-07-01,2005-07-01,addition,Annual Re-ranking,20.895,-1.3879,1.0496,-2.4375,2.1776,3.785,-1.6074,16.6068,9.1285,7.4783,29.9832,7.4427,22.5405
DISCA,2005-12-19,2005-12-19,addition,Annual Re-ranking,8.14,-0.86,0.0854,-0.9454,-1.9656,0.2848,-2.2504,-1.9656,0.826,-2.7916,-7.9853,0.7975,-8.7828
GOOGL,2005-12-19,2005-12-19,addition,Annual Re-ranking,10.55,1.2322,0.0854,1.1468,0.0,0.2848,-0.2848,-5.8768,0.826,-6.7028,-19.8104,0.7975,-20.6079
ATVI,2005-12-19,2005-12-19,addition,Annual Re-ranking,5.80209,-1.5117,0.0854,-1.5972,0.4535,0.2848,0.1687,5.9713,0.826,5.1453,6.9539,0.7975,6.1564
PRDO,2005-12-19,2005-12-19,removal,Annual Re-ranking,30.78,0.2599,0.0854,0.1745,0.8772,0.2848,0.5924,-5.7505,0.826,-6.5765,12.7355,0.7975,11.938
NVDA,2005-12-19,2005-12-19,addition,Annual Re-ranking,0.27691,-0.0542,0.0854,-0.1396,4.2216,0.2848,3.9368,20.8913,0.826,20.0653,36.12,0.7975,35.3225
QLGC,2005-12-19,2005-12-19,removal,Annual Re-ranking,15.985,1.2825,0.0854,1.197,1.9706,0.2848,1.6858,18.9553,0.826,18.1293,23.0529,0.7975,22.2554
SNPS,2005-12-19,2005-12-19,removal,Annual Re-ranking,20.41,-0.343,0.0854,-0.4284,0.196,0.2848,-0.0888,0.6369,0.826,-0.189,7.3493,0.7975,6.5518
PTEN,2005-12-19,2005-12-19,addition,Annual Re-ranking,23.65,2.2833,0.0854,2.1979,-2.1987,0.2848,-2.4836,11.5011,0.826,10.6751,-19.4926,0.7975,-20.2901
SANM,2005-12-19,2005-12-19,removal,Annual Re-ranking,25.5,-1.4118,0.0854,-1.4972,2.3529,0.2848,2.0681,6.1176,0.826,5.2917,-1.4118,0.7975,-2.2093
CDNS,2005-12-19,2005-12-19,addition,Annual Re-ranking,17.549999,-1.4245,0.0854,-1.5099,-1.5385,0.2848,-1.8233,-4.1595,0.826,-4.9855,2.3932,0.7975,1.5957
DLTR,2005-12-19,2005-12-19,removal,Annual Re-ranking,7.77,0.5148,0.0854,0.4294,1.2008,0.2848,0.916,4.2896,0.826,3.4636,14.3715,0.7975,13.574
EXPE,2005-12-19,2005-12-19,addition,Annual Re-ranking,10.44,-2.5862,0.0854,-2.6717,-6.705,0.2848,-6.9898,-0.2874,0.826,-1.1133,-27.2031,0.7975,-28.0006
LVLT,2005-12-19,2005-12-19,removal,Annual Re-ranking,2.9,-0.6897,0.0854,-0.7751,-2.069,0.2848,-2.3538,17.5862,0.826,16.7602,18.6207,0.7975,17.8232
URBN,2005-12-19,2005-12-19,addition,Annual Re-ranking,26.54,0.0754,0.0854,-0.0101,-2.5245,0.2848,-2.8093,0.1507,0.826,-0.6753,-9.6081,0.7975,-10.4056
ISRG,2006-02-01,2006-02-01,addition,Annual Re-ranking,14.41,-1.8737,-1.7141,-0.1596,-24.4969,-2.4882,-22.0086,-30.3262,-1.6588,-28.6673,-4.9271,-1.4929,-3.4342
AKAM,2006-04-20,2006-04-20,addition,Annual Re-ranking,33.009998,2.5144,-1.1784,3.6928,3.4535,-0.5481,4.0016,3.4232,-7.3993,10.8225,-5.1802,-15.0452,9.865
QRTEA,2006-10-24,2006-10-24,addition,Annual Re-ranking,10.326112,2.278,0.7178,1.5602,2.6034,1.0768,1.5267,6.7875,6.1844,0.6031,12.9242,3.5616,9.3627
AEO,2006-12-12,2006-12-12,addition,Annual Re-ranking,15.3,1.1111,0.1859,0.9252,1.5686,0.239,1.3296,10.8497,3.505,7.3446,-3.5294,-2.0446,-1.4848
VRTX,2006-12-18,2006-12-18,addition,Annual Re-ranking,38.56,-1.4782,-0.3169,-1.1613,-3.5788,-2.0069,-1.572,-6.7687,-0.6866,-6.0821,-27.1525,0.6602,-27.8126
URBN,2006-12-18,2006-12-18,removal,Annual Re-ranking,23.379999,0.3849,-0.3169,0.7018,0.0,-2.0069,2.0069,6.0308,-0.6866,6.7174,7.0573,0.6602,6.3972
INFY,2006-12-18,2006-12-18,addition,Annual Re-ranking,4.4,-0.4545,-0.3169,-0.1377,1.1364,-2.0069,3.1432,5.6818,-0.6866,6.3684,-0.4545,0.6602,-1.1147
LVLT,2006-12-18,2006-12-18,addition,Annual Re-ranking,5.92,-2.8716,-0.3169,-2.5547,-5.5743,-2.0069,-3.5675,0.1689,-0.6866,0.8555,4.223,0.6602,3.5628
LOGI,2007-02-01,2007-02-01,addition,Annual Re-ranking,20.93,-0.5733,0.3167,-0.89,-1.3378,0.9765,-2.3143,-12.0879,-4.2491,-7.8388,-9.9857,5.9119,-15.8975
RYAAY,2007-02-14,2007-02-14,addition,Annual Re-ranking,16.14,0.8055,0.5991,0.2063,1.1152,1.8494,-0.7342,-11.0905,-3.9073,-7.1832,-12.9492,4.4543,-17.4035
UAL,2007-03-08,2007-03-08,addition,Annual Re-ranking,33.12,0.6039,-0.1081,0.712,1.7814,-0.1892,1.9706,10.7186,3.5145,7.2041,-8.122,7.894,-16.016
AEO,2007-03-08,2007-03-08,removal,Annual Re-ranking,14.94,0.0669,-0.1081,0.1751,-0.8701,-0.1892,-0.6809,-1.8072,3.5145,-5.3217,-12.9853,7.894,-20.8793
HSIC,2007-10-02,2007-10-02,addition,Annual Re-ranking,24.607843,0.1434,-0.691,0.8345,0.7171,2.6304,-1.9133,-4.5418,5.7958,-10.3376,-5.5458,-2.8979,-2.6479
BIDU,2007-12-04,2007-12-04,addition,Annual Re-ranking,38.771999,1.1477,1.7849,-0.6372,-2.409,1.2815,-3.6904,-6.8916,-4.3707,-2.5209,-37.4755,-16.6819,-20.7936
MNST,2007-12-24,2007-12-24,addition,Annual Re-ranking,4.02,-1.7413,0.51,-2.2513,-10.4478,-3.4146,-7.0331,-14.9254,-15.7871,0.8618,-25.3731,-16.2528,-9.1204
PTEN,2007-12-24,2007-12-24,removal,Annual Re-ranking,14.45,-0.4152,0.51,-0.9252,4.0138,-3.4146,7.4285,-3.9446,-15.7871,11.8425,27.8201,-16.2528,44.0728
ERIC,2007-12-24,2007-12-24,removal,Annual Re-ranking,6.73,0.7429,0.51,0.233,-2.3774,-3.4146,1.0372,-6.2407,-15.7871,9.5464,-19.7623,-16.2528,-3.5095
HOLX,2007-12-24,2007-12-24,addition,Annual Re-ranking,35.525,0.3237,0.51,-0.1863,-4.9824,-3.4146,-1.5678,-12.639,-15.7871,3.1482,-19.3807,-16.2528,-3.1279
ROST,2007-12-24,2007-12-24,removal,Annual Re-ranking,5.42,-2.0295,0.51,-2.5395,-3.8745,-3.4146,-0.4599,1.6605,-15.7871,17.4477,15.4982,-16.2528,31.7509
STLD,2007-12-24,2007-12-24,addition,Annual Re-ranking,19.67,2.4911,0.51,1.9811,-1.3726,-3.4146,2.042,-12.5064,-15.7871,3.2808,11.7946,-16.2528,28.0474
SRCL,2007-12-24,2007-12-24,addition,Annual Re-ranking,61.599998,0.4383,0.51,-0.0717,-6.1039,-3.4146,-2.6893,-9.1071,-15.7871,6.68,-17.9708,-16.2528,-1.718
UAL,2008-07-21,2008-07-21,removal,Annual Re-ranking,4.99,68.5371,0.0,68.5371,40.481,-0.8006,41.2816,171.9439,4.9845,166.9594,146.0922,-27.8151,173.9073
STX,2008-11-10,2008-11-10,addition,Annual Re-ranking,3.29,-11.5502,-2.1788,-9.3713,-23.1003,-7.7761,-15.3242,-11.5502,-2.7799,-8.7703,-31.9149,-1.6905,-30.2244
URBN,2008-12-22,2008-12-22,addition,Annual Re-ranking,14.29,1.1197,-0.5136,1.6333,2.1693,0.9482,1.2211,11.5465,-1.0668,12.6133,12.1064,4.5041,7.6022
SIRI,2008-12-22,2008-12-22,removal,Annual Re-ranking,0.96866,0.0,-0.5136,0.5136,0.8341,0.9482,-0.1141,-9.9994,-1.0668,-8.9326,200.415,4.5041,195.9109
ADP,2008-12-22,2008-12-22,addition,Annual Re-ranking,22.05,0.0,-0.5136,0.5136,3.5828,0.9482,2.6345,-1.8141,-1.0668,-0.7473,-4.8073,4.5041,-9.3114
FSLR,2008-12-22,2008-12-22,addition,Annual Re-ranking,133.01,3.2779,-0.5136,3.7916,1.9848,0.9482,1.0366,3.3832,-1.0668,4.45,0.7293,4.5041,-3.7749
CDNS,2008-12-22,2008-12-22,removal,Annual Re-ranking,3.29,-2.1277,-0.5136,-1.614,3.3435,0.9482,2.3952,17.3252,-1.0668,18.392,26.4438,4.5041,21.9396
ILMN,2008-12-22,2008-12-22,addition,Annual Re-ranking,24.11,1.3687,-0.5136,1.8824,0.7881,0.9482,-0.1602,11.8623,-1.0668,12.9291,53.4218,4.5041,48.9177
LVLT,2008-12-22,2008-12-22,removal,Annual Re-ranking,0.6995,-4.2173,-0.5136,-3.7037,-9.9357,0.9482,-10.8839,50.1072,-1.0668,51.174,0.0715,4.5041,-4.4327
MXIM,2008-12-22,2008-12-22,addition,Annual Re-ranking,11.81,-3.7257,-0.5136,-3.212,-3.3023,0.9482,-4.2505,9.5682,-1.0668,10.6349,14.1406,4.5041,9.6364
ORLY,2008-12-22,2008-12-22,addition,Annual Re-ranking,1.98,-1.0101,-0.5136,-0.4965,1.5152,0.9482,0.5669,-2.5253,-1.0668,-1.4585,14.6465,4.5041,10.1423
ROST,2008-12-22,2008-12-22,addition,Annual Re-ranking,6.11,-1.473,-0.5136,-0.9594,1.8003,0.9482,0.8521,7.6923,-1.0668,8.7591,20.7856,4.5041,16.2814
LAMR,2008-12-22,2008-12-22,removal,Annual Re-ranking,7.56,-1.0582,-0.5136,-0.5446,-6.6138,0.9482,-7.562,-20.1058,-1.0668,-19.039,-26.9841,4.5041,-31.4883
JBHT,2008-12-22,2008-12-22,addition,Annual Re-ranking,20.8,-0.7692,-0.5136,-0.2556,2.4038,0.9482,1.4556,-18.2212,-1.0668,-17.1544,-5.625,4.5041,-10.1291
DISCA,2008-12-22,2008-12-22,removal,Annual Re-ranking,7.12,-0.2809,-0.5136,0.2327,1.1236,0.9482,0.1754,7.5843,-1.0668,8.651,18.8202,4.5041,14.3161
CSCO,2009-06-09,2009-06-09,addition,Annual Re-ranking,13.07,-0.6121,-0.343,-0.2691,-4.9732,-3.773,-1.2002,-9.4874,-5.7686,-3.7187,9.1813,10.3835,-1.2022
CERN,2009-07-17,2009-07-17,addition,Annual Re-ranking,60.75,-0.8066,0.9498,-1.7563,4.9383,3.9522,0.9861,-1.1687,2.451,-3.6197,35.1276,14.7672,20.3604
BKNG,2009-10-29,2009-10-29,addition,Annual Re-ranking,160.31,-2.9692,-2.6769,-0.2924,3.3123,0.6282,2.6841,31.6699,3.4963,28.1736,25.5692,2.9773,22.5919
JNPR,2009-10-29,2009-10-29,removal,Annual Re-ranking,20.17,-3.2226,-2.6769,-0.5457,-1.3882,0.6282,-2.0164,-0.8924,3.4963,-4.3887,-4.9579,2.9773,-7.9352
MAT,2009-12-21,2009-12-21,addition,Annual Re-ranking,14.31314,0.2507,0.587,-0.3363,1.354,2.3737,-1.0196,0.0502,-1.7866,1.8368,15.0451,6.9168,8.1283
MNST,2009-12-21,2009-12-21,removal,Annual Re-ranking,3.1,0.9677,0.587,0.3807,5.1613,2.3737,2.7876,6.4516,-1.7866,8.2382,16.129,6.9168,9.2122
QGEN,2009-12-21,2009-12-21,addition,Annual Re-ranking,22.09,0.7243,0.587,0.1373,3.0783,2.3737,0.7047,0.9054,-1.7866,2.692,4.0742,6.9168,-2.8426
RYAAY,2009-12-21,2009-12-21,removal,Annual Re-ranking,9.13,3.1763,0.587,2.5893,-0.2191,2.3737,-2.5927,-3.8335,-1.7866,-2.0469,-5.586,6.9168,-12.5028
STLD,2009-12-21,2009-12-21,removal,Annual Re-ranking,12.29,0.3255,0.587,-0.2616,1.3832,2.3737,-0.9904,-6.8348,-1.7866,-5.0482,0.4068,6.9168,-6.51
IAC,2009-12-21,2009-12-21,removal,Annual Re-ranking,3.52,0.2841,0.587,-0.3029,3.125,2.3737,0.7513,3.9773,-1.7866,5.7639,20.1705,6.9168,13.2537
VOD,2009-12-21,2009-12-21,addition,Annual Re-ranking,8.69,-0.2301,0.587,-0.8172,0.5754,2.3737,-1.7983,-5.7537,-1.7866,-3.9671,-2.9919,6.9168,-9.9087
AKAM,2009-12-21,2009-12-21,removal,Annual Re-ranking,25.1,0.9562,0.587,0.3691,2.4303,2.3737,0.0566,2.8685,-1.7866,4.6552,25.737,6.9168,18.8203
VTRS,2009-12-21,2009-12-21,addition,Annual Re-ranking,15.44,-0.1295,0.587,-0.7166,-1.5544,2.3737,-3.9281,-5.9585,-1.7866,-4.1719,19.8187,6.9168,12.9019
LBTYA,2009-12-21,2009-12-21,removal,Annual Re-ranking,4.66,2.1459,0.587,1.5589,4.0773,2.3737,1.7036,11.588,-1.7866,13.3746,36.4807,6.9168,29.5639
AKAM,2010-12-20,2010-12-20,addition,Annual Re-ranking,49.169998,2.4812,0.6056,1.8756,-2.8676,0.2088,-3.0764,2.3795,2.8398,-0.4603,-25.6457,1.6705,-27.3162
DISH,2010-12-20,2010-12-20,removal,Annual Re-ranking,16.896729,1.1677,0.6056,0.5622,2.3885,0.2088,2.1797,13.6412,2.8398,10.8013,23.2484,1.6705,21.5779
MU,2010-12-20,2010-12-20,addition,Annual Re-ranking,7.93,0.2522,0.6056,-0.3533,-4.5397,0.2088,-4.7485,18.1589,2.8398,15.319,27.3644,1.6705,25.6939
HOLX,2010-12-20,2010-12-20,removal,Annual Re-ranking,18.59,0.5379,0.6056,-0.0676,1.9365,0.2088,1.7277,4.411,2.8398,1.5711,17.4825,1.6705,15.812
NFLX,2010-12-20,2010-12-20,addition,Annual Re-ranking,2.54,4.7244,0.6056,4.1189,3.1496,0.2088,2.9408,3.937,2.8398,1.0972,24.4094,1.6705,22.739
TCOM,2010-12-20,2010-12-20,addition,Annual Re-ranking,20.06,1.6451,0.6056,1.0395,4.2373,0.2088,4.0285,6.1815,2.8398,3.3416,-6.68,1.6705,-8.3505
LOGI,2010-12-20,2010-12-20,removal,Annual Re-ranking,13.66,2.1962,0.6056,1.5906,-1.3909,0.2088,-1.5997,-3.3675,2.8398,-6.2073,-3.9531,1.6705,-5.6236
DLTR,2010-12-20,2010-12-20,addition,Annual Re-ranking,28.295,-0.6185,0.6056,-1.224,-0.6715,0.2088,-0.8803,-8.5881,2.8398,-11.4279,-5.2129,1.6705,-6.8834
PDCO,2010-12-20,2010-12-20,removal,Annual Re-ranking,20.4,0.1471,0.6056,-0.4585,-0.3922,0.2088,-0.601,1.2745,2.8398,-1.5653,1.8137,1.6705,0.1432
JBHT,2010-12-20,2010-12-20,removal,Annual Re-ranking,34.1,2.2581,0.6056,1.6525,2.6393,0.2088,2.4305,3.8416,2.8398,1.0018,10.088,1.6705,8.4175
FFIV,2011-04-04,2011-04-04,addition,Annual Re-ranking,94.15,-0.8497,-0.2582,-0.5915,0.3717,-0.8939,1.2657,5.9161,2.3242,3.5919,20.5629,1.8474,18.7155
CTAS,2011-04-04,2011-04-04,removal,Annual Re-ranking,6.35,-0.7874,-0.2582,-0.5292,-1.7323,-0.8939,-0.8384,1.5748,2.3242,-0.7494,10.7087,1.8474,8.8612
ALXN,2011-05-06,2011-05-06,addition,Annual Re-ranking,47.95,1.7518,0.3892,1.3626,3.7956,-0.0973,3.8929,-0.0209,-4.5729,4.552,5.7351,-7.7252,13.4604
GMCR,2011-05-27,2011-05-27,addition,Annual Re-ranking,82.54,-0.206,1.6244,-1.8304,-5.3792,-2.6743,-2.7049,7.4509,-2.1395,9.5904,18.6213,-7.2702,25.8915
SIRI,2011-07-15,2011-07-15,addition,Annual Re-ranking,18.81,-4.0936,-0.5298,-3.5637,-7.2834,3.0416,-10.325,-18.4476,-6.0243,-12.4233,-26.2095,-1.0793,-25.1302
PRGO,2011-12-06,2011-12-06,addition,Annual Re-ranking,78.51,-1.2992,0.0,-1.2992,-3.5919,-2.3224,-1.2695,-4.7382,1.5681,-6.3063,4.7637,13.7753,-9.0116
JOY,2011-12-06,2011-12-06,removal,Annual Re-ranking,90.37,-0.0221,0.0,-0.0221,-6.4402,-2.3224,-4.1178,-14.5624,1.5681,-16.1304,-10.3242,13.7753,-24.0995
FOSL,2011-12-19,2011-12-19,addition,Annual Re-ranking,80.51,3.0555,2.9742,0.0813,7.5519,3.5358,4.0161,11.7749,10.0458,1.7292,64.1784,23.7937,40.3847
ILMN,2011-12-19,2011-12-19,removal,Annual Re-ranking,25.43,2.0842,2.9742,-0.8901,13.8812,3.5358,10.3455,38.7338,10.0458,28.688,91.5061,23.7937,67.7124
GOLD,2011-12-19,2011-12-19,addition,Annual Re-ranking,35.02,3.3409,2.9742,0.3667,1.9989,3.5358,-1.5369,2.7413,10.0458,-7.3045,-1.8846,23.7937,-25.6783
URBN,2011-12-19,2011-12-19,removal,Annual Re-ranking,26.139999,3.596,2.9742,0.6218,5.8914,3.5358,2.3556,-2.8309,10.0458,-12.8767,9.0666,23.7937,-14.7271
AVGO,2011-12-19,2011-12-19,addition,Annual Re-ranking,1.98,4.0404,2.9742,1.0662,6.0606,3.5358,2.5248,22.2222,10.0458,12.1765,39.899,23.7937,16.1053
MNST,2011-12-19,2011-12-19,addition,Annual Re-ranking,7.94,1.8892,2.9742,-1.085,-0.2519,3.5358,-3.7877,9.6977,10.0458,-0.348,26.8262,23.7937,3.0325
NUAN,2011-12-19,2011-12-19,addition,Annual Re-ranking,23.96,6.9699,2.9742,3.9957,7.0534,3.5358,3.5176,21.3689,10.0458,11.3232,10.4341,23.7937,-13.3596
QGEN,2011-12-19,2011-12-19,removal,Annual Re-ranking,13.26,2.5641,2.9742,-0.4101,2.5641,3.5358,-0.9717,16.5913,10.0458,6.5455,13.3484,23.7937,-10.4453
TXN,2012-04-23,2012-04-23,addition,Annual Re-ranking,22.03,-1.6341,-0.5372,-1.097,0.7263,2.5819,-1.8556,-7.4444,-4.0548,-3.3896,-15.4335,-2.27,-13.1635
FSLR,2012-04-23,2012-04-23,removal,Annual Re-ranking,19.25,-3.1688,-0.5372,-2.6317,-4.4156,2.5819,-6.9975,-29.3506,-4.0548,-25.2959,-26.1299,-2.27,-23.8599
TEVA,2012-05-30,2012-05-30,removal,Annual Re-ranking,33.552368,-0.0255,-0.4342,0.4087,1.0714,0.3076,0.7638,-0.1531,0.0181,-0.1712,3.0726,9.9873,-6.9147
MDLZ,2012-07-23,2012-07-23,addition,Annual Re-ranking,19.37,-0.4646,-0.7979,0.3332,0.7744,2.1454,-1.371,4.8529,7.3936,-2.5408,6.0919,3.7943,2.2976
TCOM,2012-07-23,2012-07-23,removal,Annual Re-ranking,7.13,4.0673,-0.7979,4.8652,-12.0617,2.1454,-14.2071,5.4698,7.3936,-1.9238,35.0631,3.7943,31.2688
META,2012-12-12,2012-12-12,addition,Annual Re-ranking,27.41,2.4079,-0.784,3.1919,-0.6202,0.6647,-1.2849,12.2218,2.284,9.9379,-3.3929,4.8918,-8.2847
INFY,2012-12-12,2012-12-12,removal,Annual Re-ranking,3.86,-2.3316,-0.784,-1.5476,-1.0363,0.6647,-1.701,21.2435,2.284,18.9596,25.1295,4.8918,20.2378
LBTYA,2012-12-24,2012-12-24,addition,Annual Re-ranking,13.75,-0.8727,-0.8745,0.0018,4.5818,3.275,1.3068,9.8909,2.9664,6.9245,16.1455,5.9671,10.1784
LRCX,2012-12-24,2012-12-24,removal,Annual Re-ranking,3.16,-1.2658,-0.8745,-0.3913,4.7468,3.275,1.4718,13.2911,2.9664,10.3247,10.7595,5.9671,4.7924
EQIX,2012-12-24,2012-12-24,addition,Annual Re-ranking,150.73,-0.5573,-0.8745,0.3172,6.0041,3.275,2.7291,11.0529,2.9664,8.0865,5.2677,5.9671,-0.6994
GMCR,2012-12-24,2012-12-24,removal,Annual Re-ranking,41.87,-0.4538,-0.8745,0.4207,3.8691,3.275,0.5941,10.6043,2.9664,7.6379,33.4607,5.9671,27.4936
WDC,2012-12-24,2012-12-24,addition,Annual Re-ranking,25.59,0.6643,-0.8745,1.5388,3.9078,3.275,0.6327,15.0059,2.9664,12.0395,20.594,5.9671,14.6269
EA,2012-12-24,2012-12-24,removal,Annual Re-ranking,13.72,0.3644,-0.8745,1.2389,3.1341,3.275,-0.1409,4.6647,2.9664,1.6983,26.0933,5.9671,20.1262
MRVL,2012-12-24,2012-12-24,removal,Annual Re-ranking,7.17,-10.3208,-0.8745,-9.4463,-10.4603,3.275,-13.7353,11.0181,2.9664,8.0517,28.0335,5.9671,22.0664
ADI,2012-12-24,2012-12-24,addition,Annual Re-ranking,31.85,-0.7535,-0.8745,0.121,4.4898,3.275,1.2148,4.0188,2.9664,1.0524,9.4819,5.9671,3.5149
APOL,2012-12-24,2012-12-24,removal,Annual Re-ranking,20.25,0.8395,-0.8745,1.714,4.5926,3.275,1.3176,2.2222,2.9664,-0.7442,-14.1728,5.9671,-20.1399
DISCA,2012-12-24,2012-12-24,addition,Annual Re-ranking,32.93,-0.4251,-0.8745,0.4493,3.5834,3.275,0.3083,9.171,2.9664,6.2046,24.3243,5.9671,18.3572
FLEX,2012-12-24,2012-12-24,removal,Annual Re-ranking,6.22,-0.8039,-0.8745,0.0706,2.5723,3.275,-0.7027,3.537,2.9664,0.5706,9.164,5.9671,3.1969
REGN,2012-12-24,2012-12-24,addition,Annual Re-ranking,172.09,-1.7549,-0.8745,-0.8804,4.7127,3.275,1.4376,0.831,2.9664,-2.1354,-1.2377,5.9671,-7.2048
NFLX,2012-12-24,2012-12-24,removal,Annual Re-ranking,1.29,0.7752,-0.8745,1.6497,1.5504,3.275,-1.7246,87.5969,2.9664,84.6305,110.8527,5.9671,104.8856
SBAC,2012-12-24,2012-12-24,addition,Annual Re-ranking,65.34,-0.4591,-0.8745,0.4153,2.6171,3.275,-0.658,0.8571,2.9664,-2.1093,2.1886,5.9671,-3.7785
BB,2012-12-24,2012-12-24,removal,Annual Re-ranking,10.61,11.4986,-0.8745,12.3731,10.4618,3.275,7.1868,65.3157,2.9664,62.3494,37.3233,5.9671,31.3562
VRSK,2012-12-24,2012-12-24,addition,Annual Re-ranking,48.56,-1.1738,-0.8745,-0.2993,4.4893,3.275,1.2143,8.4638,2.9664,5.4974,21.3962,5.9671,15.4291
VRSN,2012-12-24,2012-12-24,removal,Annual Re-ranking,37.69,-0.5837,-0.8745,0.2908,4.8289,3.275,1.5538,13.0008,2.9664,10.0344,23.9321,5.9671,17.965
NFLX,2013-06-06,2013-06-06,addition,Annual Re-ranking,3.11,1.2862,1.3684,-0.0822,-0.9646,0.492,-1.4566,7.074,0.6611,6.4128,35.6913,6.4576,29.2338
PRGO,2013-06-06,2013-06-06,removal,Annual Re-ranking,91.93,-0.6092,1.3684,-1.9775,0.4677,0.492,-0.0243,5.787,0.6611,5.1259,5.0691,6.4576,-1.3885
TSLA,2013-07-15,2013-07-15,addition,Annual Re-ranking,8.48,-14.2689,-0.1323,-14.1365,-3.7736,-0.8822,-2.8914,14.3868,2.1614,12.2253,40.4481,5.2933,35.1548
ORCL,2013-07-15,2013-07-15,removal,Annual Re-ranking,26.93,-0.0371,-0.1323,0.0952,-0.4456,-0.8822,0.4366,3.8619,2.1614,1.7004,4.2703,5.2933,-1.023
CHTR,2013-07-25,2013-07-25,addition,Annual Re-ranking,127.75,-0.8924,0.5329,-1.4252,0.1644,2.087,-1.9227,-3.953,2.2647,-6.2177,5.8474,9.6359,-3.7885
GMCR,2013-08-22,2013-08-22,addition,Annual Re-ranking,82.72,3.4937,0.6703,2.8235,7.3259,-0.2623,7.5882,-3.9773,3.8176,-7.7948,-25.2539,8.9174,-34.1713
VEON,2013-10-29,2013-10-29,addition,Annual Re-ranking,254.09,2.3181,-0.0932,2.4113,0.7714,-0.04,0.8113,-11.2322,2.6109,-13.8431,-29.4502,4.4758,-33.926
MAR,2013-11-18,2013-11-18,addition,Annual Re-ranking,41.52,-1.0356,-0.2927,-0.7429,-0.3854,1.2641,-1.6495,2.264,3.6061,-1.3422,10.6214,8.6494,1.972
GOLD,2013-11-18,2013-11-18,removal,Annual Re-ranking,14.42,0.9015,-0.2927,1.1943,-7.2122,1.2641,-8.4763,-4.0222,3.6061,-7.6283,19.1401,8.6494,10.4907
DISH,2013-12-23,2013-12-23,addition,Annual Re-ranking,56.599998,1.1484,0.0379,1.1106,2.3322,0.6308,1.7013,-3.5336,-0.7696,-2.764,9.6997,0.593,9.1067
FOSL,2013-12-23,2013-12-23,removal,Annual Re-ranking,119.93,0.075,0.0379,0.0372,0.0083,0.6308,-0.6225,-5.5449,-0.7696,-4.7753,-2.6099,0.593,-3.2028
ILMN,2013-12-23,2013-12-23,addition,Annual Re-ranking,104.36,0.6803,0.0379,0.6425,2.9897,0.6308,2.3588,29.0916,-0.7696,29.8612,30.366,0.593,29.7731
MCHP,2013-12-23,2013-12-23,removal,Annual Re-ranking,17.07,0.7616,0.0379,0.7237,1.5231,0.6308,0.8923,0.0,-0.7696,0.7696,7.85,0.593,7.257
NXPI,2013-12-23,2013-12-23,addition,Annual Re-ranking,40.35,-0.2726,0.0379,-0.3105,1.6109,0.6308,0.9801,0.8426,-0.7696,1.6122,28.5006,0.593,27.9076
NUAN,2013-12-23,2013-12-23,removal,Annual Re-ranking,15.32,0.1305,0.0379,0.0927,-0.7833,0.6308,-1.4141,1.2402,-0.7696,2.0098,10.1828,0.593,9.5898
TRIP,2013-12-23,2013-12-23,addition,Annual Re-ranking,74.165581,-0.6954,0.0379,-0.7333,-0.6834,0.6308,-1.3143,-3.6451,-0.7696,-2.8755,11.1631,0.593,10.5701
TSCO,2013-12-23,2013-12-23,addition,Annual Re-ranking,12.82,0.156,0.0379,0.1182,2.1841,0.6308,1.5533,-7.5663,-0.7696,-6.7967,-7.0203,0.593,-7.6133
XRAY,2013-12-23,2013-12-23,removal,Annual Re-ranking,42.33,-0.1181,0.0379,-0.156,-0.6615,0.6308,-1.2923,-6.0713,-0.7696,-5.3017,-6.6856,0.593,-7.2786
GOOG,2014-04-03,2014-04-03,addition,Annual Re-ranking,28.28,-4.703,-2.6553,-2.0477,-5.0919,-4.0879,-1.004,-7.355,-0.8769,-6.4782,2.6167,8.1512,-5.5345
FOX,2014-12-22,2014-12-22,addition,Annual Re-ranking,34.1,-0.4692,-0.3531,-0.1161,-0.8211,-0.2493,-0.5718,-11.3196,-0.3116,-11.0081,-11.2903,1.0698,-12.3601
LRCX,2014-12-22,2014-12-22,addition,Annual Re-ranking,7.02,0.1425,-0.3531,0.4956,-1.9943,-0.2493,-1.745,-1.2821,-0.3116,-0.9705,-10.5413,1.0698,-11.6111
MXIM,2014-12-22,2014-12-22,removal,Annual Re-ranking,31.72,-0.1892,-0.3531,0.164,-1.466,-0.2493,-1.2167,6.4313,-0.3116,6.7429,6.8726,1.0698,5.8028
AAL,2014-12-22,2014-12-22,addition,Annual Re-ranking,48.171074,-1.2392,-0.3531,-0.886,5.0748,-0.2493,5.324,9.5397,-0.3116,9.8513,2.5086,1.0698,1.4388
EXPE,2014-12-22,2014-12-22,removal,Annual Re-ranking,84.72,-0.4603,-0.3531,-0.1072,-3.7653,-0.2493,-3.5161,-2.1246,-0.3116,-1.8131,5.3706,1.0698,4.3008
EA,2014-12-22,2014-12-22,addition,Annual Re-ranking,46.53,-0.0215,-0.3531,0.3316,-0.9886,-0.2493,-0.7393,4.0404,-0.3116,4.352,17.2147,1.0698,16.1449
FFIV,2014-12-22,2014-12-22,removal,Annual Re-ranking,132.97,0.7295,-0.3531,1.0826,-0.1955,-0.2493,0.0537,-13.6271,-0.3116,-13.3155,-15.0936,1.0698,-16.1634
LBTYK,2014-12-22,2014-12-22,addition,Annual Re-ranking,20.69,0.29,-0.3531,0.6431,-0.435,-0.2493,-0.1857,-6.8632,-0.3116,-6.5516,2.2716,1.0698,1.2018
DISCK,2014-12-22,2014-12-22,addition,Annual Re-ranking,34.0,0.5882,-0.3531,0.9414,0.6324,-0.2493,0.8816,-14.7647,-0.3116,-14.4531,-11.2941,1.0698,-12.3639
WBA,2015-03-23,2015-03-23,addition,Annual Re-ranking,60.19,0.0831,-0.3602,0.4433,-2.1931,-1.4707,-0.7223,-1.0301,0.3102,-1.3402,0.1994,2.4312,-2.2318
EQIX,2015-03-23,2015-03-23,removal,Annual Re-ranking,185.65,-3.0649,-0.3602,-2.7047,-1.8583,-1.4707,-0.3876,2.5694,0.3102,2.2592,9.6526,2.4312,7.2214
LILAK,2015-07-01,2015-07-01,addition,Annual Re-ranking,65.809792,-31.1776,0.0301,-31.2076,-40.0773,-1.7533,-38.3239,-39.1186,3.7371,-42.8557,-51.0087,-5.4804,-45.5283
BMRN,2015-07-27,2015-07-27,addition,Annual Re-ranking,144.32,1.1225,0.8636,0.2589,1.9748,1.2856,0.6892,-16.0615,-10.9715,-5.09,-27.8409,2.6104,-30.4513
JD,2015-07-29,2015-07-29,addition,Annual Re-ranking,30.27,0.2643,0.4749,-0.2107,3.1054,0.63,2.4754,-18.5662,-5.3019,-13.2643,-16.9144,1.6187,-18.5331
SWKS,2015-08-03,2015-08-03,addition,Annual Re-ranking,74.85,-4.1416,-0.1841,-3.9575,-1.6166,-0.0194,-1.5972,-10.2338,-9.4468,-0.787,-16.513,1.8022,-18.3152
INCY,2015-10-07,2015-10-07,addition,Annual Re-ranking,108.65,-4.7952,0.3982,-5.1935,-2.5219,0.2859,-2.8078,7.4643,8.598,-1.1336,-11.8638,-0.4187,-11.4451
PYPL,2015-11-11,2015-11-11,addition,Annual Re-ranking,36.25,-2.0966,-0.9724,-1.1241,-0.3034,0.4386,-0.742,-4.5241,-2.0784,-2.4458,-5.6,-13.0994,7.4994
BRCM,2015-11-11,2015-11-11,removal,Annual Re-ranking,51.91,-0.5201,-0.9724,0.4523,2.6199,0.4386,2.1814,10.4604,-2.0784,12.5388,None,None,None
EXPE,2015-12-21,2015-12-21,addition,Annual Re-ranking,120.02,1.5414,0.6585,0.8829,1.6831,2.9244,-1.2413,-14.7059,-6.5556,-8.1503,-13.0145,-3.1568,-9.8577
GRMN,2015-12-21,2015-12-21,removal,Annual Re-ranking,27.07,1.9948,0.6585,1.3364,4.8024,2.9244,1.878,-4.8024,-6.5556,1.7533,12.0798,-3.1568,15.2366
LILA,2015-12-21,2015-12-21,addition,Annual Re-ranking,37.087654,3.3545,0.6585,2.696,2.5921,2.9244,-0.3323,-13.418,-6.5556,-6.8624,-10.4193,-3.1568,-7.2625
LILA,2015-12-21,2015-12-21,removal,Annual Re-ranking,37.087654,3.3545,0.6585,2.696,2.5921,2.9244,-0.3323,-13.418,-6.5556,-6.8624,-10.4193,-3.1568,-7.2625
LILAK,2015-12-21,2015-12-21,addition,Annual Re-ranking,38.700565,2.871,0.6585,2.2126,2.1898,2.9244,-0.7346,-11.4599,-6.5556,-4.9042,-7.4939,-3.1568,-4.3371
LILAK,2015-12-21,2015-12-21,removal,Annual Re-ranking,38.700565,2.871,0.6585,2.2126,2.1898,2.9244,-0.7346,-11.4599,-6.5556,-4.9042,-7.4939,-3.1568,-4.3371
MXIM,2015-12-21,2015-12-21,addition,Annual Re-ranking,37.66,-0.9426,0.6585,-1.6011,3.0005,2.9244,0.0762,-14.5247,-6.5556,-7.9691,-6.1604,-3.1568,-3.0036
GMCR,2015-12-21,2015-12-21,removal,Annual Re-ranking,88.75,0.8225,0.6585,0.1641,1.6451,2.9244,-1.2793,0.4507,-6.5556,7.0063,None,None,None
NCLH,2015-12-21,2015-12-21,addition,Annual Re-ranking,59.04,-0.3388,0.6585,-0.9972,0.8299,2.9244,-2.0944,-18.7331,-6.5556,-12.1774,-15.7012,-3.1568,-12.5444
SPLS,2015-12-21,2015-12-21,removal,Annual Re-ranking,9.39,0.426,0.6585,-0.2325,1.8104,2.9244,-1.1139,-5.1118,-6.5556,1.4438,7.0288,-3.1568,10.1855
TCOM,2015-12-21,2015-12-21,addition,Annual Re-ranking,48.48,-0.3507,0.6585,-1.0091,-1.3614,2.9244,-4.2858,-11.8399,-6.5556,-5.2843,-8.8903,-3.1568,-5.7335
CHRW,2015-12-21,2015-12-21,removal,Annual Re-ranking,49.57,1.4525,0.6585,0.794,1.1095,2.9244,-1.8148,2.7638,-6.5556,9.3194,18.2974,-3.1568,21.4541
ENDP,2015-12-21,2015-12-21,addition,Annual Re-ranking,61.16,2.3708,0.6585,1.7124,2.1746,2.9244,-0.7497,-4.2675,-6.5556,2.2881,-51.0628,-3.1568,-47.906
EXPD,2015-12-21,2015-12-21,removal,Annual Re-ranking,39.89,1.6796,0.6585,1.0212,0.9526,2.9244,-1.9718,-3.5097,-6.5556,3.046,7.2199,-3.1568,10.3766
TMUS,2015-12-21,2015-12-21,addition,Annual Re-ranking,37.66,0.7169,0.6585,0.0585,2.9209,2.9244,-0.0035,-2.8943,-6.5556,3.6613,-4.9124,-3.1568,-1.7556
VEON,2015-12-21,2015-12-21,removal,Annual Re-ranking,65.08,0.2919,0.6585,-0.3665,-4.6097,2.9244,-7.5341,-10.1106,-6.5556,-3.555,10.9865,-3.1568,14.1433
ULTA,2015-12-21,2015-12-21,addition,Annual Re-ranking,186.49,-0.1984,0.6585,-0.8569,-0.6327,2.9244,-3.5571,-3.6249,-6.5556,2.9308,2.724,-3.1568,5.8808
WYNN,2015-12-21,2015-12-21,removal,Annual Re-ranking,57.89,2.8675,0.6585,2.209,6.6333,2.9244,3.7089,-10.019,-6.5556,-3.4634,40.4215,-3.1568,43.5783
CSX,2016-02-22,2016-02-22,addition,Annual Re-ranking,7.25,-3.5862,-1.6451,-1.9411,-3.8621,-0.7497,-3.1124,5.1034,4.9979,0.1055,2.8966,3.3944,-0.4979
KLAC,2016-02-22,2016-02-22,removal,Annual Re-ranking,55.83,-0.6806,-1.6451,0.9645,2.436,-0.7497,3.1857,8.0244,4.9979,3.0264,6.0183,3.3944,2.6239
NTES,2016-03-16,2016-03-16,addition,Annual Re-ranking,25.56,0.7825,-0.05,0.8325,-3.3255,-0.03,-3.2955,-8.2942,3.1487,-11.443,9.4679,0.4298,9.0381
BATRA,2016-04-18,2016-04-18,addition,Annual Re-ranking,19.76,-9.5142,-0.6073,-8.9069,-18.8765,-2.0147,-16.8619,-14.0182,-5.1668,-8.8515,-20.0405,1.4556,-21.496
BATRK,2016-04-18,2016-04-18,addition,Annual Re-ranking,19.139999,-8.5684,-0.6073,-7.9612,-19.9582,-2.0147,-17.9435,-11.7032,-5.1668,-6.5365,-19.1745,1.4556,-20.6301
BATRK,2016-06-20,2016-06-20,addition,Annual Re-ranking,15.0,1.0,0.3193,0.6807,-4.3333,-4.6103,0.277,3.8667,5.8677,-2.001,13.8,9.2506,4.5494
BATRK,2016-06-20,2016-06-20,removal,Annual Re-ranking,15.0,1.0,0.3193,0.6807,-4.3333,-4.6103,0.277,3.8667,5.8677,-2.001,13.8,9.2506,4.5494
XRAY,2016-06-20,2016-06-20,addition,Annual Re-ranking,55.6,0.1259,0.3193,-0.1934,-6.1331,-4.6103,-1.5228,-0.018,5.8677,-5.8857,-5.5755,9.2506,-14.8261
BATRA,2016-06-20,2016-06-20,removal,Annual Re-ranking,15.23,0.2626,0.3193,-0.0567,-4.3336,-4.6103,0.2768,4.7932,5.8677,-1.0745,12.0158,9.2506,2.7652
MCHP,2016-07-18,2016-07-18,addition,Annual Re-ranking,22.61,-0.6192,-0.3705,-0.2486,0.4423,0.9881,-0.5458,12.5608,4.0,8.5608,9.8187,4.342,5.4766
ENDP,2016-07-18,2016-07-18,removal,Annual Re-ranking,17.92,-2.6228,-0.3705,-2.2522,-1.1719,0.9881,-2.16,27.9018,4.0,23.9018,10.8259,4.342,6.4839
SHPG,2016-10-19,2016-10-19,addition,Annual Re-ranking,186.68309,-0.4389,-0.1177,-0.3212,-5.3775,0.4435,-5.821,-4.7007,-0.0815,-4.6193,-14.4934,4.8873,-19.3807
LLTC,2016-10-19,2016-10-19,removal,Annual Re-ranking,59.31,1.4163,-0.1177,1.5339,1.332,0.4435,0.8885,2.5291,-0.0815,2.6105,5.2605,4.8873,0.3732
CTAS,2016-12-09,2016-12-09,addition,Annual Re-ranking,27.62,-0.2534,-0.4463,0.1929,-0.8689,0.3838,-1.2528,-4.4533,3.1777,-7.631,-1.8827,10.1937,-12.0764
WFM,2016-12-09,2016-12-09,removal,Annual Re-ranking,32.04,-3.1211,-0.4463,-2.6748,0.7803,0.3838,0.3964,-4.8065,3.1777,-7.9842,-9.9251,10.1937,-20.1188
HAS,2016-12-09,2016-12-09,addition,Annual Re-ranking,63.15,-0.1267,-0.4463,0.3196,-5.9699,0.3838,-6.3537,-4.1013,3.1777,-7.2791,14.8694,10.1937,4.6757
SRCL,2016-12-09,2016-12-09,removal,Annual Re-ranking,74.37,0.7395,-0.4463,1.1859,3.7515,0.3838,3.3677,7.7854,3.1777,4.6077,10.6763,10.1937,0.4826
HOLX,2016-12-09,2016-12-09,addition,Annual Re-ranking,39.02,1.8708,-0.4463,2.3171,2.7422,0.3838,2.3584,4.2799,3.1777,1.1021,8.4572,10.1937,-1.7365
NTAP,2016-12-09,2016-12-09,removal,Annual Re-ranking,28.99,-1.5523,-0.4463,-1.106,0.1035,0.3838,-0.2803,-1.5523,3.1777,-4.73,16.04,10.1937,5.8463
KLAC,2016-12-09,2016-12-09,addition,Annual Re-ranking,66.64,0.1501,-0.4463,0.5964,1.2755,0.3838,0.8917,3.9616,3.1777,0.7839,21.0384,10.1937,10.8447
BBBY,2016-12-09,2016-12-09,removal,Annual Re-ranking,17.0,-1.4706,-0.4463,-1.0243,5.5882,0.3838,5.2044,0.8824,3.1777,-2.2954,2.0588,10.1937,-8.1349
JBHT,2017-02-07,2017-02-07,addition,Annual Re-ranking,90.85,-0.3302,0.1684,-0.4986,1.0017,1.7768,-0.7752,-2.3665,3.6042,-5.9707,-10.842,9.7516,-20.5936
NXPI,2017-02-07,2017-02-07,removal,Annual Re-ranking,90.4,0.7965,0.1684,0.628,0.9956,1.7768,-0.7813,2.6106,3.6042,-0.9936,5.4314,9.7516,-4.3202
IDXX,2017-03-20,2017-03-20,addition,Annual Re-ranking,151.54,-0.9436,-1.5217,0.5781,1.5969,-0.7407,2.3377,3.6558,-0.2415,3.8973,8.473,6.8519,1.6212
SBAC,2017-03-20,2017-03-20,removal,Annual Re-ranking,108.12,0.0185,-1.5217,1.5402,0.6289,-0.7407,1.3697,6.8442,-0.2415,7.0858,13.5775,6.8519,6.7257
WYNN,2017-04-24,2017-04-24,addition,Annual Re-ranking,104.6,2.2945,0.7278,1.5667,8.9579,2.2704,6.6875,7.8681,3.7181,4.15,20.3633,8.2035,12.1598
TRIP,2017-04-24,2017-04-24,removal,Annual Re-ranking,38.541203,0.7153,0.7278,-0.0125,3.7379,2.2704,1.4675,-5.6991,3.7181,-9.4172,-14.0055,8.2035,-22.209
MELI,2017-06-19,2017-06-19,addition,Annual Re-ranking,273.876617,-1.1119,-0.7837,-0.3282,-2.3039,0.0829,-2.3868,2.3347,2.5092,-0.1746,5.6722,3.8505,1.8217
ALGN,2017-10-23,2017-10-23,addition,Annual Re-ranking,202.76,0.4735,0.1716,0.3019,16.1817,2.602,13.5796,26.4697,5.2541,21.2156,34.2868,14.2326,20.0542
MAT,2017-10-23,2017-10-23,removal,Annual Re-ranking,15.46,-0.3881,0.1716,-0.5597,0.7762,2.602,-1.8258,19.8577,5.2541,14.6036,11.7076,14.2326,-2.525
TTWO,2017-12-08,2017-12-08,addition,Annual Re-ranking,106.81,1.3295,0.7783,0.5512,4.1007,1.9115,2.1892,8.1828,5.0587,3.124,6.2541,11.2302,-4.9761
TSCO,2017-12-08,2017-12-08,removal,Annual Re-ranking,11.97,-0.7519,0.7783,-1.5301,1.086,1.9115,-0.8255,16.1236,5.0587,11.0649,-6.5998,11.2302,-17.83
CDNS,2017-12-08,2017-12-08,addition,Annual Re-ranking,43.56,-0.1377,0.7783,-0.916,0.2755,1.9115,-1.636,2.9385,5.0587,-2.1202,-10.0781,11.2302,-21.3083
AKAM,2017-12-08,2017-12-08,removal,Annual Re-ranking,56.5,0.0885,0.7783,-0.6898,2.2301,1.9115,0.3186,17.3982,5.0587,12.3395,29.7345,11.2302,18.5043
DISCK,2017-12-08,2017-12-08,addition,Annual Re-ranking,18.4,0.2174,0.7783,-0.5609,7.337,1.9115,5.4254,17.8804,5.0587,12.8217,22.0109,11.2302,10.7807
DISCK,2017-12-08,2017-12-08,removal,Annual Re-ranking,18.4,0.2174,0.7783,-0.5609,7.337,1.9115,5.4254,17.8804,5.0587,12.8217,22.0109,11.2302,10.7807
ASML,2017-12-08,2017-12-08,addition,Annual Re-ranking,158.99,1.8303,0.7783,1.052,1.0567,1.9115,-0.8549,5.0758,5.0587,0.0171,20.9573,11.2302,9.7271
DISCA,2017-12-08,2017-12-08,removal,Annual Re-ranking,19.66,0.5595,0.7783,-0.2188,7.0193,1.9115,5.1078,16.1241,5.0587,11.0654,23.3469,11.2302,12.1167
SNPS,2017-12-08,2017-12-08,addition,Annual Re-ranking,90.51,-1.0496,0.7783,-1.8279,-2.9279,1.9115,-4.8394,-1.2927,5.0587,-6.3514,-2.2428,11.2302,-13.473
NCLH,2017-12-08,2017-12-08,removal,Annual Re-ranking,55.029999,-0.5633,0.7783,-1.3416,-1.8717,1.9115,-3.7832,1.0358,5.0587,-4.0229,2.9439,11.2302,-8.2864
WDAY,2017-12-08,2017-12-08,addition,Annual Re-ranking,104.849998,-0.0381,0.7783,-0.8164,-1.3162,1.9115,-3.2277,8.8603,5.0587,3.8016,30.9871,11.2302,19.7569
PEP,2018-07-23,2018-07-23,addition,Annual Re-ranking,91.93,0.3046,0.4152,-0.1106,-0.1849,-2.4792,2.2943,-0.5874,0.4444,-1.0318,-2.7847,-3.4674,0.6827
DISH,2018-07-23,2018-07-23,removal,Annual Re-ranking,30.559999,-0.8508,0.4152,-1.2659,0.2291,-2.4792,2.7083,16.3613,0.4444,15.9169,14.2343,-3.4674,17.7017
NXPI,2018-11-05,2018-11-05,addition,Annual Re-ranking,74.16,2.0227,0.7567,1.2659,-4.315,-1.5569,-2.7581,-0.9709,-1.2281,0.2573,9.8436,-0.1489,9.9924
XEL,2018-11-19,2018-11-19,addition,Annual Re-ranking,41.78,0.383,-1.7914,2.1743,0.2393,0.8537,-0.6143,-0.4787,-6.0273,5.5486,7.8985,6.9909,0.9076
XRAY,2018-11-19,2018-11-19,removal,Annual Re-ranking,32.92,0.0,-1.7914,1.7914,0.6987,0.8537,-0.155,-3.8882,-6.0273,2.1391,13.0316,6.9909,6.0407
NTAP,2018-12-24,2018-12-24,addition,Annual Re-ranking,45.25,5.5691,6.2486,-0.6796,10.0773,7.931,2.1464,17.0387,15.0899,1.9487,23.3591,24.2007,-0.8416
QRTEA,2018-12-24,2018-12-24,removal,Annual Re-ranking,10.531539,2.9634,6.2486,-3.2852,5.7651,7.931,-2.1659,16.4332,15.0899,1.3433,-13.5776,24.2007,-37.7783
UAL,2018-12-24,2018-12-24,addition,Annual Re-ranking,79.12,5.9151,6.2486,-0.3336,6.3953,7.931,-1.5356,6.3448,15.0899,-8.7452,-0.7457,24.2007,-24.9464
SHPG,2018-12-24,2018-12-24,removal,Annual Re-ranking,169.07,3.4483,6.2486,-2.8004,2.147,7.931,-5.7839,None,None,None,None,None,None
VRSN,2018-12-24,2018-12-24,addition,Annual Re-ranking,138.33,4.6772,6.2486,-1.5714,5.8917,7.931,-2.0393,18.933,15.0899,3.843,29.126,24.2007,4.9253
STX,2018-12-24,2018-12-24,removal,Annual Re-ranking,27.76,4.9352,6.2486,-1.3135,8.1412,7.931,0.2103,20.8213,15.0899,5.7314,28.4942,24.2007,4.2935
WLTW,2018-12-24,2018-12-24,addition,Annual Re-ranking,146.61,1.5347,6.2486,-4.714,2.094,7.931,-5.837,8.2395,15.0899,-6.8504,20.5989,24.2007,-3.6018
VOD,2018-12-24,2018-12-24,removal,Annual Re-ranking,12.06,1.99,6.2486,-4.2586,2.8192,7.931,-5.1117,-6.3018,15.0899,-21.3918,-3.068,24.2007,-27.2687
LULU,2018-12-24,2018-12-24,addition,Annual Re-ranking,113.26,8.2995,6.2486,2.0509,8.9087,7.931,0.9777,34.1074,15.0899,19.0174,29.6133,24.2007,5.4126
HOLX,2018-12-24,2018-12-24,removal,Annual Re-ranking,37.759998,5.8528,6.2486,-0.3959,1.7479,7.931,-6.1831,18.7235,15.0899,3.6336,24.232,24.2007,0.0313
AMD,2018-12-24,2018-12-24,addition,Annual Re-ranking,16.65,7.5075,6.2486,1.2589,13.0931,7.931,5.1621,31.7117,15.0899,16.6218,49.4895,24.2007,25.2888
EXC,2019-11-21,2019-11-21,addition,Annual Re-ranking,25.54,0.1175,0.067,0.0505,0.0392,1.6892,-1.6501,1.8403,5.2428,-3.4026,8.1441,7.0093,1.1348
ANSS,2019-12-23,2019-12-23,addition,Annual Re-ranking,255.729996,0.2972,0.0489,0.2483,0.6569,0.3768,0.2801,8.4503,5.1431,3.3072,-16.9788,-13.7509,-3.2279
JBHT,2019-12-23,2019-12-23,removal,Annual Re-ranking,110.11,0.1453,0.0489,0.0964,0.336,0.3768,-0.0408,-0.5812,5.1431,-5.7244,-21.0971,-13.7509,-7.3462
CDW,2019-12-23,2019-12-23,addition,Annual Re-ranking,132.86,0.0677,0.0489,0.0188,-0.0226,0.3768,-0.3994,-3.4623,5.1431,-8.6054,-35.481,-13.7509,-21.73
NLOK,2019-12-23,2019-12-23,removal,Annual Re-ranking,25.73,-0.1943,0.0489,-0.2433,-0.8162,0.3768,-1.193,9.0944,5.1431,3.9513,-30.4703,-13.7509,-16.7194
CPRT,2019-12-23,2019-12-23,addition,Annual Re-ranking,22.47,1.1571,0.0489,1.1082,1.2016,0.3768,0.8248,11.571,5.1431,6.4278,-20.3382,-13.7509,-6.5873
VTRS,2019-12-23,2019-12-23,removal,Annual Re-ranking,16.27,-0.4302,0.0489,-0.4792,0.8605,0.3768,0.4837,9.6497,5.1431,4.5065,-25.0768,-13.7509,-11.3259
CSGP,2019-12-23,2019-12-23,addition,Annual Re-ranking,60.18,-0.2493,0.0489,-0.2982,-0.5816,0.3768,-0.9584,8.1256,5.1431,2.9825,-10.236,-13.7509,3.515
HSIC,2019-12-23,2019-12-23,removal,Annual Re-ranking,66.379997,0.226,0.0489,0.177,0.5122,0.3768,0.1354,7.2612,5.1431,2.1181,-24.6309,-13.7509,-10.88
SGEN,2019-12-23,2019-12-23,addition,Annual Re-ranking,115.16,0.2518,0.0489,0.2029,-0.7815,0.3768,-1.1583,-1.3807,5.1431,-6.5238,-8.4231,-13.7509,5.3279
WYNN,2019-12-23,2019-12-23,removal,Annual Re-ranking,135.16,-0.5623,0.0489,-0.6112,-0.9692,0.3768,-1.346,-3.9065,5.1431,-9.0496,-46.0195,-13.7509,-32.2686
SPLK,2019-12-23,2019-12-23,addition,Annual Re-ranking,150.05,0.1999,0.0489,0.151,-0.1866,0.3768,-0.5634,4.6318,5.1431,-0.5113,-18.6671,-13.7509,-4.9162
HAS,2019-12-23,2019-12-23,removal,Annual Re-ranking,83.33,-0.108,0.0489,-0.1569,0.384,0.3768,0.0072,-0.504,5.1431,-5.6472,-36.0974,-13.7509,-22.3465
DXCM,2020-04-20,2020-04-20,addition,Annual Re-ranking,80.82,-4.6028,-3.6902,-0.9126,3.6377,1.3273,2.3104,25.1423,6.6365,18.5058,33.7416,25.6223,8.1193
AAL,2020-04-20,2020-04-20,removal,Annual Re-ranking,11.06,-0.5425,-3.6902,3.1477,-9.4033,1.3273,-10.7306,-12.8391,6.6365,-19.4756,3.7071,25.6223,-21.9153
ZM,2020-04-30,2020-04-30,addition,Annual Re-ranking,135.169998,2.508,-2.8207,5.3286,16.7419,1.3277,15.4142,51.032,6.9218,44.1102,84.9523,19.4944,65.4578
WLTW,2020-04-30,2020-04-30,removal,Annual Re-ranking,178.29,2.8325,-2.8207,5.6532,8.3347,1.3277,7.0071,13.5566,6.9218,6.6348,18.6213,19.4944,-0.8731
DOCU,2020-06-22,2020-06-22,addition,Annual Re-ranking,168.3,-0.8913,0.8495,-1.7407,2.0024,-1.5818,3.5842,21.2002,7.3733,13.8269,21.8182,8.5743,13.2439
UAL,2020-06-22,2020-06-22,removal,Annual Re-ranking,36.54,-1.2589,0.8495,-2.1084,-3.4756,-1.5818,-1.8939,-13.3279,7.3733,-20.7012,-7.526,8.5743,-16.1003
MRNA,2020-07-20,2020-07-20,addition,Annual Re-ranking,82.68,-2.2013,-1.0411,-1.1602,-3.3503,-2.4963,-0.8539,-18.9284,4.1954,-23.1238,-10.5709,8.3017,-18.8726
CSGP,2020-07-20,2020-07-20,removal,Annual Re-ranking,70.67,0.2264,-1.0411,1.2675,1.7688,-2.4963,4.2651,17.2067,4.1954,13.0114,21.7773,8.3017,13.4755
PDD,2020-08-24,2020-08-24,addition,Annual Re-ranking,83.16,4.9062,0.7863,4.1199,6.9505,3.9643,2.9861,-7.8403,-6.731,-1.1093,72.619,2.53,70.089
NTAP,2020-08-24,2020-08-24,removal,Annual Re-ranking,37.09,-1.2402,0.7863,-2.0265,12.0518,3.9643,8.0874,-2.6153,-6.731,4.1157,24.0226,2.53,21.4926
KDP,2020-10-19,2020-10-19,addition,Annual Re-ranking,25.85,0.1161,0.218,-0.1019,-2.5919,-1.1734,-1.4184,-0.0387,2.9863,-3.025,9.9807,14.2919,-4.3113
WDC,2020-10-19,2020-10-19,removal,Annual Re-ranking,30.8,1.2013,0.218,0.9833,-1.039,-1.1734,0.1345,4.3831,2.9863,1.3968,26.6558,14.2919,12.3639
AEP,2020-12-21,2020-12-21,addition,Annual Re-ranking,68.38,-0.8774,0.2732,-1.1506,-1.1407,1.3093,-2.4499,-0.0439,5.3403,-5.3842,4.4457,1.0827,3.363
BMRN,2020-12-21,2020-12-21,removal,Annual Re-ranking,87.51,0.9599,0.2732,0.6867,-1.5198,1.3093,-2.8291,0.5485,5.3403,-4.7918,-14.604,1.0827,-15.6868
LBTYK,2020-12-21,2020-12-21,addition,Annual Re-ranking,12.11,0.3303,0.2732,0.0571,2.4773,1.3093,1.168,7.1841,5.3403,1.8438,10.6524,1.0827,9.5696
LBTYK,2020-12-21,2020-12-21,removal,Annual Re-ranking,12.11,0.3303,0.2732,0.0571,2.4773,1.3093,1.168,7.1841,5.3403,1.8438,10.6524,1.0827,9.5696
MRVL,2020-12-21,2020-12-21,addition,Annual Re-ranking,46.28,-0.0864,0.2732,-0.3596,-2.0311,1.3093,-3.3404,11.5169,5.3403,6.1765,-4.1054,1.0827,-5.1882
CTXS,2020-12-21,2020-12-21,removal,Annual Re-ranking,131.11,1.228,0.2732,0.9548,-0.7627,1.3093,-2.072,-3.3255,5.3403,-8.6658,2.9899,1.0827,1.9071
OKTA,2020-12-21,2020-12-21,addition,Annual Re-ranking,275.54,3.651,0.2732,3.3778,-5.0047,1.3093,-6.314,-4.1881,5.3403,-9.5284,-20.6685,1.0827,-21.7512
TTWO,2020-12-21,2020-12-21,removal,Annual Re-ranking,201.77,0.0446,0.2732,-0.2286,0.337,1.3093,-0.9722,1.4323,5.3403,-3.908,-15.6168,1.0827,-16.6995
TEAM,2020-12-21,2020-12-21,addition,Annual Re-ranking,248.19,-0.4754,0.2732,-0.7486,-6.0599,1.3093,-7.3691,-5.1332,5.3403,-10.4735,-15.2101,1.0827,-16.2928
LBTYA,2020-12-21,2020-12-21,removal,Annual Re-ranking,12.29,-0.3255,0.2732,-0.5986,3.0106,1.3093,1.7013,5.3702,5.3403,0.0299,7.8112,1.0827,6.7285
MTCH,2020-12-21,2020-12-21,addition,Annual Re-ranking,152.41,1.2729,0.2732,0.9997,-2.5523,1.3093,-3.8616,-8.5362,5.3403,-13.8765,-9.3104,1.0827,-10.3931
EXPE,2020-12-21,2020-12-21,removal,Annual Re-ranking,123.1,-0.1706,0.2732,-0.4438,6.4419,1.3093,5.1327,10.6661,5.3403,5.3258,34.6791,1.0827,33.5964
PTON,2020-12-21,2020-12-21,addition,Annual Re-ranking,144.389999,11.649,0.2732,11.3758,3.9546,1.3093,2.6453,10.6379,5.3403,5.2975,-29.5034,1.0827,-30.5861
ULTA,2020-12-21,2020-12-21,removal,Annual Re-ranking,268.14,-1.1375,0.2732,-1.4106,3.431,1.3093,2.1218,11.852,5.3403,6.5117,12.2548,1.0827,11.1721
HON,2021-07-21,2021-07-21,addition,Annual Re-ranking,212.24,0.3816,0.6616,-0.28,-0.589,1.1812,-1.7702,-1.4088,0.6645,-2.0732,-3.9861,3.964,-7.95
CRWD,2021-08-26,2021-08-26,addition,Annual Re-ranking,278.769989,1.2699,0.9731,0.2967,-2.1882,2.142,-4.3302,-9.1222,-0.4466,-8.6756,-17.2185,7.1923,-24.4108
FOXA,2021-12-20,2021-12-20,addition,Annual Re-ranking,34.68,1.3841,2.2384,-0.8543,2.9988,5.4965,-2.4977,4.9308,-4.9826,9.9134,13.5813,-6.118,19.6993
FOXA,2021-12-20,2021-12-20,removal,Annual Re-ranking,34.68,1.3841,2.2384,-0.8543,2.9988,5.4965,-2.4977,4.9308,-4.9826,9.9134,13.5813,-6.118,19.6993
LCID,2021-12-20,2021-12-20,addition,Annual Re-ranking,379.9,0.079,2.2384,-2.1595,-2.6586,5.4965,-8.1551,1.9216,-4.9826,6.9042,-29.85,-6.118,-23.732
TCOM,2021-12-20,2021-12-20,removal,Annual Re-ranking,21.64,8.3641,2.2384,6.1257,7.1165,5.4965,1.6199,15.9889,-4.9826,20.9716,11.2292,-6.118,17.3472
ZS,2021-12-20,2021-12-20,addition,Annual Re-ranking,305.94,4.4061,2.2384,2.1677,6.1188,5.4965,0.6223,-18.0656,-4.9826,-13.083,-24.0407,-6.118,-17.9227
INCY,2021-12-20,2021-12-20,removal,Annual Re-ranking,73.449997,0.3131,2.2384,-1.9253,-0.2042,5.4965,-5.7007,1.7835,-4.9826,6.7662,6.2628,-6.118,12.3808
FTNT,2021-12-20,2021-12-20,addition,Annual Re-ranking,66.11,2.632,2.2384,0.3936,10.7245,5.4965,5.228,-7.7295,-4.9826,-2.7469,-1.4673,-6.118,4.6508
CERN,2021-12-20,2021-12-20,removal,Annual Re-ranking,89.97,0.2001,2.2384,-2.0384,3.0677,5.4965,-2.4288,1.4005,-4.9826,6.3831,3.7902,-6.118,9.9082
ABNB,2021-12-20,2021-12-20,addition,Annual Re-ranking,157.23,5.3616,2.2384,3.1231,7.9374,5.4965,2.4409,0.4897,-4.9826,5.4724,5.8577,-6.118,11.9757
CDW,2021-12-20,2021-12-20,removal,Annual Re-ranking,177.57,3.5141,2.2384,1.2757,10.1031,5.4965,4.6065,1.1995,-4.9826,6.1822,-4.3138,-6.118,1.8042
DDOG,2021-12-20,2021-12-20,addition,Annual Re-ranking,164.38,7.9754,2.2384,5.737,7.9328,5.4965,2.4363,-20.9089,-4.9826,-15.9262,-9.5693,-6.118,-3.4513
FOX,2021-12-20,2021-12-20,removal,Annual Re-ranking,32.08,1.1534,2.2384,-1.0851,2.8055,5.4965,-2.691,4.2706,-4.9826,9.2532,12.3753,-6.118,18.4933
PANW,2021-12-20,2021-12-20,addition,Annual Re-ranking,88.26,1.5182,2.2384,-0.7202,6.6395,5.4965,1.143,-1.8695,-4.9826,3.1132,12.8144,-6.118,18.9324
CHKP,2021-12-20,2021-12-20,removal,Annual Re-ranking,112.449997,1.1116,2.2384,-1.1268,4.651,5.4965,-0.8456,10.8582,-4.9826,15.8408,23.6727,-6.118,29.7907
ODFL,2022-01-24,2022-01-24,addition,Annual Re-ranking,151.33,-2.934,-2.3192,-0.6148,-2.3062,2.7598,-5.066,-8.5971,-6.7604,-1.8367,-9.3703,-6.5981,-2.7722
PTON,2022-01-24,2022-01-24,removal,Annual Re-ranking,29.709999,-10.7035,-2.3192,-8.3843,-8.0108,2.7598,-10.7706,-9.1215,-6.7604,-2.3611,-31.3026,-6.5981,-24.7045
CEG,2022-02-02,2022-02-02,addition,Annual Re-ranking,51.25,1.1512,-4.0553,5.2065,-10.7512,-0.4781,-10.2731,-3.4732,-8.4635,4.9903,16.9951,-10.4425,27.4376
AZN,2022-02-22,2022-02-22,addition,Annual Re-ranking,55.85,-0.4476,-2.5629,2.1153,2.5067,1.0088,1.4979,7.4843,4.1958,3.2885,10.9758,-13.0843,24.0601
ENPH,2022-11-21,2022-11-21,addition,Annual Re-ranking,308.1,4.0052,1.4426,2.5626,-1.5287,-0.4664,-1.0623,2.9211,-2.7622,5.6833,-33.5573,5.5497,-39.107
OKTA,2022-11-21,2022-11-21,removal,Annual Re-ranking,48.29,-0.6627,1.4426,-2.1052,6.1296,-0.4664,6.596,40.6917,-2.7622,43.4539,52.0398,5.5497,46.49
FANG,2022-12-19,2022-12-19,addition,Annual Re-ranking,117.84,1.0183,-0.0754,1.0937,2.9956,-2.2841,5.2797,10.4549,4.7944,5.6605,-2.2149,13.6595,-15.8744
DOCU,2022-12-19,2022-12-19,removal,Annual Re-ranking,54.22,-0.2213,-0.0754,-0.1459,-3.3198,-2.2841,-1.0357,4.2235,4.7944,-0.5709,4.3711,13.6595,-9.2884
GFS,2022-12-19,2022-12-19,addition,Annual Re-ranking,58.07,-0.8266,-0.0754,-0.7512,-7.6459,-2.2841,-5.3618,-2.7897,4.7944,-7.5841,17.5478,13.6595,3.8883
BIDU,2022-12-19,2022-12-19,removal,Annual Re-ranking,112.08,-3.5421,-0.0754,-3.4667,3.9258,-2.2841,6.2099,21.1188,4.7944,16.3245,32.6374,13.6595,18.9779
WBD,2022-12-19,2022-12-19,addition,Annual Re-ranking,9.25,-2.3784,-0.0754,-2.303,-0.2162,-2.2841,2.0679,40.7568,4.7944,35.9624,56.8649,13.6595,43.2054
SPLK,2022-12-19,2022-12-19,removal,Annual Re-ranking,82.8,2.1014,-0.0754,2.1768,0.9179,-2.2841,3.202,9.4324,4.7944,4.638,9.3961,13.6595,-4.2634
CSGP,2022-12-19,2022-12-19,addition,Annual Re-ranking,77.16,-0.5962,-0.0754,-0.5208,-0.5314,-2.2841,1.7528,1.7626,4.7944,-3.0318,-14.4764,13.6595,-28.1359
VRSN,2022-12-19,2022-12-19,removal,Annual Re-ranking,198.76,1.122,-0.0754,1.1973,1.781,-2.2841,4.0652,7.1896,4.7944,2.3952,-1.6653,13.6595,-15.3248
RIVN,2022-12-19,2022-12-19,addition,Annual Re-ranking,22.03,-2.8597,-0.0754,-2.7844,-19.4734,-2.2841,-17.1893,-26.3277,4.7944,-31.1221,-39.6732,13.6595,-53.3327
SWKS,2022-12-19,2022-12-19,removal,Annual Re-ranking,83.4,-2.2782,-0.0754,-2.2028,-3.9568,-2.2841,-1.6727,12.4101,4.7944,7.6157,25.3837,13.6595,11.7242
NTES,2022-12-19,2022-12-19,addition,Annual Re-ranking,66.49,-1.7597,-0.0754,-1.6843,3.0681,-2.2841,5.3523,25.5527,4.7944,20.7583,20.4091,13.6595,6.7496
NTES,2022-12-19,2022-12-19,removal,Annual Re-ranking,66.49,-1.7597,-0.0754,-1.6843,3.0681,-2.2841,5.3523,25.5527,4.7944,20.7583,20.4091,13.6595,6.7496
BKR,2022-12-19,2022-12-19,addition,Annual Re-ranking,26.33,2.3167,-0.0754,2.3921,3.9119,-2.2841,6.196,9.9126,4.7944,5.1183,-3.76,13.6595,-17.4195
MTCH,2022-12-19,2022-12-19,removal,Annual Re-ranking,39.91,-0.8519,-0.0754,-0.7765,-2.9316,-2.2841,-0.6475,24.906,4.7944,20.1116,-2.8314,13.6595,-16.4909
GEHC,2023-06-07,2023-06-07,addition,Annual Re-ranking,80.15,-3.3812,1.2397,-4.6209,-2.4205,4.8949,-7.3154,0.2246,5.1714,-4.9468,-18.0786,6.8069,-24.8855
FISV,2023-06-07,2023-06-07,removal,Annual Re-ranking,115.779999,-0.4232,1.2397,-1.663,3.6448,4.8949,-1.2501,9.5958,5.1714,4.4244,6.3223,6.8069,-0.4846
ON,2023-06-20,2023-06-20,addition,Annual Re-ranking,89.379997,-1.4656,-1.3622,-0.1035,2.7859,-0.8372,3.6231,8.861,2.6884,6.1726,5.4375,0.956,4.4814
RIVN,2023-06-20,2023-06-20,removal,Annual Re-ranking,15.7,-6.879,-1.3622,-5.5168,-11.2102,-0.8372,-10.373,64.3949,2.6884,61.7065,44.8408,0.956,43.8848
TTD,2023-07-17,2023-07-17,addition,Annual Re-ranking,90.69,-2.3817,0.8187,-3.2005,-9.5049,-1.6666,-7.8383,-18.7452,-4.2314,-14.5138,-11.5228,-4.393,-7.1298
ATVI,2023-07-17,2023-07-17,removal,Annual Re-ranking,92.215195,-0.5042,0.8187,-1.323,-0.7081,-1.6666,0.9585,-1.4154,-4.2314,2.816,2.3909,-4.393,6.7839
CCEP,2023-12-18,2023-12-18,addition,Annual Re-ranking,61.73,0.0162,0.5112,-0.495,1.5552,0.9331,0.622,3.6773,3.5191,0.1582,10.1895,9.2148,0.9748
EBAY,2023-12-18,2023-12-18,removal,Annual Re-ranking,41.08,2.702,0.5112,2.1908,2.2639,0.9331,1.3307,-3.2619,3.5191,-6.7811,22.8822,9.2148,13.6674
CDW,2023-12-18,2023-12-18,addition,Annual Re-ranking,217.89,0.1147,0.5112,-0.3965,2.2534,0.9331,1.3203,1.2392,3.5191,-2.28,12.4008,9.2148,3.186
ALGN,2023-12-18,2023-12-18,removal,Annual Re-ranking,261.69,2.5297,0.5112,2.0185,4.7766,0.9331,3.8435,1.7769,3.5191,-1.7422,25.7748,9.2148,16.56
TTWO,2023-12-18,2023-12-18,addition,Annual Re-ranking,158.57,0.5234,0.5112,0.0122,1.9234,0.9331,0.9903,2.8568,3.5191,-0.6624,-6.3947,9.2148,-15.6094
SGEN,2023-12-18,2023-12-18,removal,Annual Re-ranking,228.74,0.0,0.5112,-0.5112,None,None,None,None,None,None,None,None,None
DASH,2023-12-18,2023-12-18,addition,Annual Re-ranking,102.71,-1.217,0.5112,-1.7283,-2.7748,0.9331,-3.7079,3.5245,3.5191,0.0054,34.2712,9.2148,25.0565
ENPH,2023-12-18,2023-12-18,removal,Annual Re-ranking,124.03,9.1026,0.5112,8.5914,10.7313,0.9331,9.7981,-16.4799,3.5191,-19.999,-8.3286,9.2148,-17.5434
MDB,2023-12-18,2023-12-18,addition,Annual Re-ranking,412.74,-0.7172,0.5112,-1.2284,1.0079,0.9331,0.0748,-2.8323,3.5191,-6.3514,-13.0033,9.2148,-22.2181
JD,2023-12-18,2023-12-18,removal,Annual Re-ranking,25.19,3.6125,0.5112,3.1013,3.6522,0.9331,2.7191,-16.316,3.5191,-19.8351,5.6372,9.2148,-3.5776
ROP,2023-12-18,2023-12-18,addition,Annual Re-ranking,536.67,-0.259,0.5112,-0.7702,0.1062,0.9331,-0.8269,1.1609,3.5191,-2.3583,2.1876,9.2148,-7.0272
LCID,2023-12-18,2023-12-18,removal,Annual Re-ranking,47.3,-0.2114,0.5112,-0.7227,-8.2452,0.9331,-9.1784,-42.7061,3.5191,-46.2253,-41.0148,9.2148,-50.2296
SPLK,2023-12-18,2023-12-18,addition,Annual Re-ranking,151.89,0.0527,0.5112,-0.4586,0.237,0.9331,-0.6961,0.8954,3.5191,-2.6237,None,None,None
ZM,2023-12-18,2023-12-18,removal,Annual Re-ranking,71.36,1.4854,0.5112,0.9742,3.9938,0.9331,3.0607,-3.2511,3.5191,-6.7703,-6.3061,9.2148,-15.5208
LIN,2024-03-18,2024-03-18,addition,Annual Re-ranking,455.71,0.1339,0.2489,-0.1151,0.169,1.6642,-1.4953,-4.1452,-2.66,-1.4852,-5.1634,10.8775,-16.0409
SPLK,2024-03-18,2024-03-18,removal,Annual Re-ranking,156.9,None,None,None,None,None,None,None,None,None,None,None,None
ARM,2024-06-24,2024-06-24,addition,Annual Re-ranking,151.07,6.315,1.145,5.17,5.1367,1.6803,3.4564,4.3755,-2.2305,6.6059,-6.1892,2.0605,-8.2497
SIRI,2024-06-24,2024-06-24,removal,Annual Re-ranking,25.16,-1.1129,1.145,-2.2579,7.0747,1.6803,5.3944,48.3307,-2.2305,50.5612,-4.0143,2.0605,-6.0749
SMCI,2024-07-22,2024-07-22,addition,Annual Re-ranking,78.63,-0.3943,-0.3528,-0.0415,-11.268,-3.82,-7.448,-22.307,-0.4279,-21.8791,-39.8957,2.6635,-42.5593
WBA,2024-07-22,2024-07-22,removal,Annual Re-ranking,10.71,-0.6536,-0.3528,-0.3008,5.6956,-3.82,9.5156,-5.042,-0.4279,-4.6141,-2.2409,2.6635,-4.9044
APP,2024-11-18,2024-11-18,addition,Annual Re-ranking,298.0,7.7819,0.6877,7.0942,7.245,1.313,5.932,5.057,3.2895,1.7675,39.3658,5.3806,33.9851
DLTR,2024-11-18,2024-11-18,removal,Annual Re-ranking,66.53,-2.4951,0.6877,-3.1828,4.885,1.313,3.572,4.1184,3.2895,0.8289,12.671,5.3806,7.2904
AXON,2024-12-23,2024-12-23,addition,Annual Re-ranking,624.14,1.1392,1.3573,-0.2181,-4.7778,-2.225,-2.5528,-3.1179,-1.6567,-1.4611,-11.7746,-7.752,-4.0226
SMCI,2024-12-23,2024-12-23,removal,Annual Re-ranking,32.4,5.9568,1.3573,4.5995,-5.9259,-2.225,-3.7009,-10.2778,-1.6567,-8.621,7.1605,-7.752,14.9125
PLTR,2024-12-23,2024-12-23,addition,Annual Re-ranking,80.69,2.0944,1.3573,0.7372,-6.2709,-2.225,-4.0459,-6.5064,-1.6567,-4.8496,11.6495,-7.752,19.4015
ILMN,2024-12-23,2024-12-23,removal,Annual Re-ranking,134.99,0.163,1.3573,-1.1943,-1.0075,-2.225,1.2175,2.2668,-1.6567,3.9236,-39.0473,-7.752,-31.2954
MSTR,2024-12-23,2024-12-23,addition,Annual Re-ranking,332.23,7.8109,1.3573,6.4536,-12.8255,-2.225,-10.6005,4.7226,-1.6567,6.3794,-2.2996,-7.752,5.4524
MRNA,2024-12-23,2024-12-23,removal,Annual Re-ranking,39.59,1.7176,1.3573,0.3603,5.0265,-2.225,7.2515,5.2033,-1.6567,6.8601,-18.8684,-7.752,-11.1164
SHOP,2025-05-19,2025-05-19,addition,MongoDB did not meet the minimum monthly weight requirements.,109.1,-2.4473,-0.3341,-2.1132,-2.1632,-0.1517,-2.0115,-2.8689,1.3364,-4.2053,27.6352,9.1778,18.4574
MDB,2025-05-19,2025-05-19,removal,MongoDB did not meet the minimum monthly weight requirements.,189.01,-0.037,-0.3341,0.2971,-0.0317,-0.1517,0.1199,8.0102,1.3364,6.6738,15.6605,9.1778,6.4827
TRI,2025-07-28,2025-07-28,addition,Annual Re-ranking,199.21,-0.2861,-0.1551,-0.1311,1.516,-0.7102,2.2261,-12.4893,0.7877,-13.277,-18.734,8.7439,-27.4779
SOLS,2025-10-30,2025-10-30,addition,Solstice Advanced Materials was spun off from Honeywell,48.74,-7.5297,0.4824,-8.0121,-7.6323,-2.2969,-5.3354,-2.0927,-1.4184,-0.6743,None,None,None
SOLS,2025-11-06,2025-11-06,addition,Solstice Advanced Materials did not meet the minimum monthly weight requirements,45.02,5.4865,-0.3155,5.802,1.5771,-0.5346,2.1117,3.7095,2.0616,1.6479,None,None,None
SOLS,2025-11-06,2025-11-06,removal,Solstice Advanced Materials did not meet the minimum monthly weight requirements,45.02,5.4865,-0.3155,5.802,1.5771,-0.5346,2.1117,3.7095,2.0616,1.6479,None,None,None
ALNY,2025-12-22,2025-12-22,addition,Annual Re-ranking,407.73,-2.2147,0.4683,-2.683,-2.5703,0.0355,-2.6059,-12.2017,0.5669,-12.7686,None,None,None
BIIB,2025-12-22,2025-12-22,removal,Annual Re-ranking,174.7,0.0687,0.4683,-0.3996,0.9731,0.0355,0.9376,-1.7802,0.5669,-2.347,None,None,None
INSM,2025-12-22,2025-12-22,addition,Annual Re-ranking,175.76,0.5746,0.4683,0.1063,-0.9502,0.0355,-0.9857,-11.1231,0.5669,-11.69,None,None,None
GFS,2025-12-22,2025-12-22,removal,Annual Re-ranking,36.42,-1.7298,0.4683,-2.1982,-0.8237,0.0355,-0.8593,17.6551,0.5669,17.0883,None,None,None
WDC,2025-12-22,2025-12-22,addition,Annual Re-ranking,176.76,0.843,0.4683,0.3746,-0.396,0.0355,-0.4315,33.735,0.5669,33.1682,None,None,None
TTD,2025-12-22,2025-12-22,removal,Annual Re-ranking,37.29,0.4023,0.4683,-0.0661,2.2258,0.0355,2.1903,-1.9844,0.5669,-2.5513,None,None,None
FER,2025-12-22,2025-12-22,addition,Annual Re-ranking,64.89,1.0171,0.4683,0.5488,0.0462,0.0355,0.0107,3.3133,0.5669,2.7464,None,None,None
CDW,2025-12-22,2025-12-22,removal,Annual Re-ranking,139.51,-0.982,0.4683,-1.4503,-0.8028,0.0355,-0.8383,-9.6839,0.5669,-10.2507,None,None,None
MPWR,2025-12-22,2025-12-22,addition,Annual Re-ranking,945.16,-0.1703,0.4683,-0.6387,-2.4133,0.0355,-2.4489,12.546,0.5669,11.9792,None,None,None
LULU,2025-12-22,2025-12-22,removal,Annual Re-ranking,212.37,0.146,0.4683,-0.3224,-0.8005,0.0355,-0.836,-10.0297,0.5669,-10.5965,None,None,None
STX,2025-12-22,2025-12-22,addition,Annual Re-ranking,282.85,-0.0177,0.4683,-0.486,-0.9793,0.0355,-1.0148,22.3617,0.5669,21.7948,None,None,None
ON,2025-12-22,2025-12-22,removal,Annual Re-ranking,56.37,-1.2063,0.4683,-1.6747,-3.7786,0.0355,-3.8141,9.9521,0.5669,9.3853,None,None,None
VSNT,2026-01-09,2026-01-09,addition,Versant did not meet the minimum monthly weight requirements,34.41,-1.4531,0.083,-1.536,-3.9814,-0.8601,-3.1213,None,None,None,None,None,None
VSNT,2026-01-09,2026-01-09,removal,Versant did not meet the minimum monthly weight requirements,34.41,-1.4531,0.083,-1.536,-3.9814,-0.8601,-3.1213,None,None,None,None,None,None
WMT,2026-01-20,2026-01-20,addition,Walmart transferred its listing from NYSE to NASDAQ and replaced AstraZeneca in the index,118.71,0.5476,1.3518,-0.8043,-1.491,3.794,-5.2851,None,None,None,None,None,None
AZN,2026-01-20,2026-01-20,removal,Walmart transferred its listing from NYSE to NASDAQ and replaced AstraZeneca in the index,89.94,0.6671,1.3518,-0.6847,109.1061,3.794,105.312,None,None,None,None,None,None
